stable_id,cloud_id
101,0AJQrr9E0fhVOUk9PVA
202,1-EqQvL2ncUAWhRtmjWbFaaz79VD5u7kJ
203,1-CvX7A2_N6a6hcAvSQgoD_TxlylM6Omn
204,1-JtN0pfXVdEikbGyLK6PZgPX8cKgIhUx
205,1-G_AMdbFVKvq1Ac8YF5wwLvzymD0Pdot
206,1-BYYnx_QAt85kDxJakKCnq86jsi5sQUC
207,1-95J97BRpw5s2D2mRH_dSySI79fFrKOT
208,1--ty8O3tNE2hLpJfWk9Va8u3c7LBqURU
209,1-2RHHSDLR4UhwzI-ThYC1JgrvyF5oq1Q
210,1WwmD-BgffFYqQGmSDAudlId59_Isc_CJ
211,1-AfRBBj8ajfcL-idhppsffPIGvg9Hqm1
212,1-KumdRQ_UlL6bvO_JeW69MP_NqVL53hU
213,1-4yWCL8F_V-RWb2-UAg4G8HLVZ_9yUe9
215,1KTMBrDZS1AUcyz7cXeCEqM3k4LsL26u2
411,1-Po929lYPr-nfmlDRMqEy7ZBIiBxfuhl
412,1-poQ1w4DbbsZCcodtqqnMqxIgWMcNjuR
413,1-fYeYAES1EDMcRF5UKfMKWuntp7YMSPZ
414,1-iNIkkFL9WP1sNjpxVmnyHrIr-yuQZgk
415,1-lVWQEHzhBQVUenfwiG3i8WVxFmQ3_H7
416,1-norSaPO0CJIKxktuUpa9z29_3wOHs1g
417,1-bI4BOeSlBrbq7yxgHSc-OBlbGdfKvWc
418,1-ULJZtUcZt5IuLLq7otdtXk8FoAvhWa_
419,10Rvp5lde7-eNQS7DuDVp8iX00V5xVCbX
420,10RCqXWcP71w9L8lk7SbFYA_tQDebyxuq
421,10L1KvrGwwXSuqJvXni8hVYAdOZjIxKxO
422,10EyzB34axFM_hZBmuNmx5IBY45VEkCdl
423,10NO-_NM3bj0C6d3tLBILt4rltnHZynQ6
424,106KiRbhHuZu22hqHhkZFp1eeXsSizuml
425,1-kUVE-dU6uFLvyEPb9nTAGzR6Z4mmk7d
426,1-xjgdueBzNjU9G8hijXx6XATgR3a4ZXz
427,1-zDdkcGeepy-v5rLCZaUQaWlP2zWwdXL
428,10AHSXC6xQE8MP-xR8MJKZywoH8W33L4n
429,10U9lXQDKcX5Rh0VjUvyHfbKs3jd1LWvi
430,10TKalLZ8qCv5D5hr-7qRzxUs7Vbjlw0w
431,11nFi7ZkxjgNjSlx_Ttwwo6-waibDhj-f
432,10VH-K5Fw_3IQhA23twhX3oy4QjEysJ3x
433,10Zisxym-3B08f7iFxrqjuTK_VSifcfzK
434,12w7wmk4wbshKpTIzjvKjPLDviUrTL35p
435,13AD01mc7jS7wUcz5NZqSaJwUF-oeBY2w
436,12w7cB1Uhi8F2NOoCqode4F7TMNHFEan2
437,13B5eOovaYRqkipQsF-LdnAnwC6lRzzzn
438,10cphqTuHjgsAehcCvEsJhwWq-z-Ruffi
439,12qEsvmZza82xAiIzxsH0cL8W3xLzKH3f
440,10dT5-M3LkKNgQRsYiHcAuWxoU8Bq5AxP
441,10zNWmQBimfaqaaSzH9cMEBOI-mSXlTGb
442,11B9Bnd9KRIYqqxLZQHss4cQFg8ssqHmr
443,10uQnxOb8-cUrXmHStli4dFAELE6YnnHj
444,10s1bUFYtOq9cC-aDdxxuLyQ0YjYWnRXp
445,113m9T-NmUrnxZ0710AxpCiLkHOIMjeDK
446,117HJyJSp6Fs81XuJKzy-RD8Dy1KEZuWh
447,118fZ50V8ezG-BLt3MfFU0TK4GAOv34Wh
448,10daxqbdbJMvkSO8rP0RUPFjt-hbcXtST
449,10X_u6NB4KmqFq3vxv1c674yJIEVChqJL
450,17wFOtUZgq-WM_EwqGQSrvZ8q_fSQEpd3
451,16-Q8h0K2cAWy6Tr5ZPfzqWBXxsta2E1N
452,1607glpo26yRRLneV75vsYEOoCR2J9TUX
453,16BsRExbhNWe4UnLzV1z_vbZhtqWSW0II
454,16Bzt9sFmw71AfpZR5M5-2VJP3CLPA0JS
455,16svFbOHC6q6V_BSuELc3n5Xnee42jt40
456,18ZsPLklwxn8gvECcwWrpvo5FE5Tq8BUz
457,17xGPh2UoiYM7kyFzF8L9IxoA6wWkoFfG
458,14YwPeflDHeeMAcHqGc-X1WGhcfaA1EPR
459,14kpntEl1jBWAmyfjD9pEBDf9UnvmEuW4
460,14vX8LI9dyyLaPIbIDMcHcEG9RnxTI4AJ
461,14pWs1QRQDpbMt2ZdXnWAWVQZVUJ6g5ry
462,15876MLLATDt7lnkYN12Sba07TdW0vqsq
463,15hMdzmNuVZ1DFf3V_ULiXbf8z22nCG4Y
464,15kXRmKoG27pDZ0hAPhYglPL_US_gCwqL
465,15boo9_pHkkPaJtb_LwhVMsqu1Hm20YS4
466,15fB_n1HBGymPx5UY_BmRi2nl6sBI2Zny
467,15ZVjfztD5KUdPcORL9nbkNLJGATi0Zjp
468,15cIYOXcQftmeFKnU2Lu074hNLvAX0v-0
469,15bp-g2mEPcLofrZ3v9ycjnI-1LGv_d32
470,15Rom6eVxliX9ujW_wgGvxJlT8xlQzSqe
471,15RHqF9wrTf9VqjZpw-d1Vro0RcxTaVfV
472,17Tg0TNJP-EPNZ3mPSRONlv6aWJVr4__Z
473,173t19LkuocaA2WZ0BHV0qcM6jn1EF-hW
474,17DhRG2-_VMamIRc2HfoVhR2jdG0xmC51
475,17BcybgF4z_sdwd7ZpU1I7knjJbP4x6Ns
476,17FH6rxv0TMOn3cmCB60IepBqVlDveaIp
477,17crhvBj37vo3SEAlfHUvzfACSi99HdZN
478,17Mc85eL2JjR1yN7CltLQlWZ0q-tCap4k
479,18QFSxRa-J7f-EVddmI1mZ_72cByJ_JJ7
480,18FGOqXSDAlQAAuw-yeELW-aKAKhIr657
481,18CuTP2wtsUVYcAzFH82GJBfzNckJ4DKP
482,187Dn9_PYFPFD6h3p7rhaZB4530vmqKzA
483,18MwEZTgnIyNwBH4FZjhhubAJZbZVnZRZ
484,184TRxSaV7BMswiJelNFz_rMdi3hZVSpq
485,187aILLFyIjvoYZ84fVH1D2yotn1CRiGC
486,15nPBEqWWVPy31uVYKJTXcl-ytO5IPqhd
487,14qy1RcldpP6Ol7fVwMczCJFvRMpjT8pc
488,1522rq-nGUrPc7bKwBlGgKsFZvz_qXGmz
489,14dxfTSQ4A4QpOZBjhc5SpiEFzUsPmV6L
490,16dvCV3cpIrOdD8KLgqxl24i-chqUGTyJ
491,16XvB3oM_4OlIQza1C9uR8QlSA9zMioma
492,16B4bfgdlakGBB79bR5T0xKMVfILdAurt
493,16Xa9Nz418zy2h_A9PABFMu6j9XDiZ_Wi
494,16Ati0mADrd83SvN6PbKti5w55q_xt3y5
495,163JZE640uBrA7nDYzJtlZw1kxIt8QB4A
496,16MrMOrnS-NwqWEhdSqvYdle8FfOCcJev
497,15PzTUes3gxs9IoLIYVAdVT4lMuGuqtTm
498,171oRGpU4J4jtCrS6u4OusRJlWeiOugLe
499,18-0khv45DpcwAAGspgw6QpIVhzp1mM-Q
500,14cGDCaj4iVQxJFGKMmH-0GoghpD0jfzO
501,15zd6GeHOOphPZx4ufAO2hakOHeUsPYzB
502,13DuBFwJXYnhqF67qDwgPgjif2SaZ4zzn
503,13jlt-XGsXzd5JPJiih-RrAQll2OCROIP
504,13YbhwwnqQcbOQajIPT-cfC_3edO4eeWg
505,13P0lys3LW6iCEE6q-0vbadd3ERF_JQb6
506,13EfMq86MkKDReYnzi7JPFX9zxOLMScSL
507,13rkBjn7Fm5DiP4o61f-3l3yfRO7h7rC5
508,11ZbokfQxMipPBAraQU6y_fIncbLWKqEy
509,11PulAOT5We6rcx85RESqwrUFvpsxRUBo
510,11Rfy23k_N9tKWppz_LEnmn3dbSuL0WdE
511,11PveddL2TYojA-oZ9zv4m3xUzs5JVzGN
512,11EZfm_z-MzdNP1-WMhxhEd9XjPYTDPJF
513,12SU4qh3Z4RL_ea6asUrfAsi4g0ahKRAo
514,12XqZtvrsf6_faOQZpHW7uA3A1eYuSend
515,12YDScEVq0A-Nj95efHOc59C-sz5cXIbG
516,12bGaQF2J5GxXvjXA9rvlekUW37ZUMKtg
517,12gSHOu-wABREJDMs8v9eJWPTP5HqMXyn
518,12gYhHY9imTBFxxRcE5vOKID4nWAd24N2
519,12lACzysXpiS89q6AdwLQVcn8zG2Wod-N
520,12uUMLj5xnyx_eumd3WL8U4OvlQp3LsRd
521,11lG-OVpdUdzOOlSfJCV2EmVMK8zlmk-A
522,11m8wP-xEDZhpZ1BzNmmFjdVyGxJUZXie
523,11rsbSUEKyt1fM4ZT6y-Zs2wtUVYArzhD
524,11nIJZdMnWYq4liZsLXhP1OhZ3Isu_VdO
525,11qwV8T7eEDKImo_EamSvTOBea4SyT3hO
526,12FEUE47ZB7XuYxb2ZGRbkhC5YCvSWUc_
527,12R3hyQ8N6tWGHan4PK-XJzQ2zbB_o3V9
528,122w8bA71KQtgOzcfJGSUzUkXVCLQHv_w
529,12886JE-VTtCJj3ENjI9FoalDNVCf4tks
530,19CX8W_LZwi2prcXnJjQe0NCwWvj5nLyT
531,193_IQHcCSfAXO1UZXqrshSIsHJc-m1G5
532,19Hw1HmELdhkmqur1QaE7WDUtomzNeuyi
533,199dz8xMJc7I8h89NuM4uyxn0jF_GvYJt
534,1966mX0_uGwuECNMNc3pllN0OkaLDxfps
535,13IzoX0QsAOJIpIyiS2pgHLoD7wnGFgCO
536,1AlyJrBP71DXygkzEVCRHm9XiPpHYOQqr
537,1AUjGjedNo_-xCXvtoDVSawhcdHcrO-UC
538,1AXANGVlc-8Bmz2beD1xsCqUKSwUBIbNS
539,1Allsa-8wdombzYqWRq51y7UHD43rQ2kB
540,1AaU03_8PsM_I4TSgUR60diyvCgk_ZV_y
541,19vqJRIRp5OyoYz1CutgPvFtVC4SR3O8N
542,19x5I8G4SKs4M7tkPm6LTjlg4EIhTfhcy
543,19wCS8nMaObxZj0BW87xhT-mkeMSVKqZH
544,1A0XggYWF9Noyt4uB2j3bBTvw3BoxFeIW
545,19prDdupbtXCK8yIfzat4CR42uidLgBRE
546,19Q39ayRVSorkaQQOBLHRtAQkRhsFX8-e
547,1AmVpFd4IZ_xgAX41XScZkskj_6dsrBy-
548,19RgMfLM5pwLd7usk0u_kmF_mtbHr5Q6m
549,19YIxcNfJkYAF3TLZzZG0ObHoy0R94VWr
550,19VrYux3dMjIyAXscrKJNGT6e9n8fcPeo
551,19cH0hCGCSx-7uic3hOuQPoLRmWW5TCH3
552,19_vvy7EU78BfsXRCprg0CTu6SoburSs7
553,19WfbrmH6zop_amsfNsoOjy4T1S-i0L5F
554,19cDceIMOvhsCyAYfSFVEfYgFdN-XCxHW
555,19ikNplAURyOvfTA0VMvQriUwwrLe-4Jp
556,1B-30AYQ1Zukh5R5gMFMJChQULSysncQo
557,1A-4pMGlHuMq78dcPWw5sXCWr2OZgNJjN
558,1BYP35LQjx87AVfyklEWacGhZc4u_O4o0
559,1BwtonHYuwfvIfo77rKlIAE0UDn0aFJYS
560,1Byly6JqSTAtJRGCqD41tPD8uWTex7ssv
561,1BQK3dPl4w3hM54VNEeXQbfBeoY8w9NKE
562,1BJOgX3YWe5OjLHhQHcDMVm5TNbtQl8YU
563,1BANR8TWPxLGJdbXCnH-OdJmwyKMN6eVC
564,1BRROL5SmVdHnBXGu5p9TwadQbzOeom0l
565,1BR-GuiMo-CQkGUSlPCeJthUET47uyDRe
566,1BS6EU_mwSa5EIo_nWP859QwsugFL5aac
567,1BYIp5nAtnlEnmB7uBUp2_p8B5kJdF0ES
568,1A1_Qo3nlluhudpn25MUP2fJSLIM0y4Fs
569,1C5OQ52EJkhuP4Xkuj6jYmh7BDNCu7Zmv
570,1BvQkdMkF4N9nRVyNF9lF0cjpSsKW05Fh
571,1C7fMmV5dfue--x8JEb1eF4YMCuv0oHiZ
572,1BtLN1wRfFLTurkJ7beidPeoDuna1zErI
573,1BodBtrgP38tU-DOG00D0KpGkA1N4xwQ3
574,1AHCAxitokfrQDvN1igggedERa-E6rHzA
575,1AS_5FJz-So2A1RPwRucr3HE2aZi9GScc
576,1AQxpyy-AC3rzj5gIEIioyJtYn0Hjyfac
577,1A5kTxeIt-XdSED0fpAfHkMzdeJADMFxR
578,1AOemTk2pKMkGcQeXQnvsaUSpgimB7V4p
579,1AT-jwX-rv9Nne6X7NgxIaboWTz3AVynD
580,1AU8qSGjPin9srMiXLXFRdMDB0wCZmEmR
581,19TKiGayUQvrDs1C1wg56-leqm4L8zIum
582,1B1ZsChiuR2EQ8YSsaROSmywZOy_BINAQ
583,18b2BRxhTeaHrk-DBHmBuDA3pbvuINKKu
584,1Bl-aMnZ6yuYH_VW2LAcgB4UdEyg7YcsK
585,13oQLYd1HUW2E6KsO0OVbV8pbFmfHZ-os
586,1A4iCowkfzK8XuMDWRHquHmwKqlY0o9E-
587,13LFD_z2FbLYl9cWnMGQpGnWGMtiGC16A
588,18enDGNqJOeBcbjn1y4iznDJYB2MZXZTM
589,18pL6B_0MH4TTSh2uvlQd87Oak3xV5sKK
590,18lvZ94Cg_TdxSt4ZYJrpm23QqIxNzZY1
591,18h9WFiDbpltS2q68nr1-4RBJIxXO0r46
592,16p9plj-zqI40R1QMDbrV6POt0ASQH0UD
593,16s8SO_rWEM49umMJ2VJ3SR8hJWIUQQCG
594,16rc24PbASkcerM4L3hPUwFsDCh6vVyXt
595,16fFz96x4eEyGhY4UmcfoD10GCfN7900G
596,16hCAj44fEb0i-iAjsbsR4guHIewbw4y9
597,158d-Sz0-IgGAKFZHfSGdYQy34wO2QP4V
598,158v20G8NGQrf3QHAJZKpONBE_AAd9AjC
599,15BR4Fm5IWSbfcZpIhhc22zu42s80jPmT
600,15EnHIOSLkuEwa-LaOTpxC1YdmxBN-goU
601,15JW3fCLOw2ZIR-hrLWar2BYeKG6ZluXi
602,15L3SGUwa-ewmPmLBPFWm9dhUxF7NY9Ky
603,13u5zm7EZKoMp7HuknJiJ5wR__t2-sjWu
604,13sLj8HQQ4F5trmROvTjTWrrnevLJy6f7
605,142vhYO2uWvNC4bRWwoikHRJxaX1EhztH
606,17fT7Ud-t7X5cB5t10301xXpyfsE8s7gm
607,17uAGIryoHfjw6RZGT-3Nwy3XHjmF1uHP
608,17vlacexqvU23SqpRrG1U4rDV1K0XatzQ
609,17eMIzFAiW4IJWuihlTms3Fy-VpmexNzV
610,17n06NWkWD2GBjvwsj7Oke6XTE-r3g1HL
611,16sS53urKOSUKO46OWtbDF7TxeLY8Jatu
612,14Il99O9VMPvbkp0IaKqxAZqSPczcars2
613,14Gh8lB5mssLCSTtfqTOP2CxCDr_HKY9n
614,14T8SdRFLtuQ5ghNIF7xXr3RkvgeBPnXY
615,15MB5BIDPUdFwPMlPc1BkmklU-H2q54vO
616,1Do7TNrDez6jtJz-1t_eBUYYbrGc9RDit
617,1K3TGaP914sOsXYcJ2bN7zIxkQHu97LLV
618,1MoNHgt_M7AuAD779qfYQVH3YR2cG0Vq4
619,1Mfl8Vopr77gw2e6gETKlePcqS1MeHD-6
620,1MknCt2SP4uSL0sVsaIeWJqaSizFNowQz
621,1Mdq9Q5Nbt43iINTKrCNDb7VyIOz6zA8W
622,1MlSTv6Bp8K7rfAnXQadKY5OWEn6Jmwip
623,1MfgW50vzyjWl_-BmqBLEiWj4kT311iMt
624,1Mm_-H8l7QPg_PP0ZZvnj36zNiM_Ns_zs
625,1GrKMy52nYtVP5rvL0UBP3_wPKOrJsfUM
626,1H8jVdGgw2SSW3mSduTzne_UV41Y7eZLo
627,1H1X4dj24s0B2x8P3578XXVgKqzMX28pT
628,1Gy8EYZHmuMHhBxyKYGneoEDVe0PrMQlO
629,1GpXYaZgSdHp4dum1ok7YucM4lKHiOUOX
630,1H9BibOrws1zoiT6_Awp3tJ-iwYOSNpn2
631,1Gp9E72-lvWCtVg5OHGxBE8tNkwX2-ERz
632,13D8EgZpm68mpfo-YJzsUi8HyVkVxHYAl
633,1F5A5ZKVI6xpW1esJNvjD_spZXN8VoQFv
634,1CKw_bkNItD7OkLkSlrFMRXvEyWXZgz_D
635,1CEPFAwDg4Asd6b7e39yPK9vA_Nxg40IZ
636,1LpbpUYPee-E_9CCD2eZIARK54ti1DcMd
637,1HrCOyN9H8ddAL37FjNhilWckDATTIjRX
638,1HtVzxy-TJliqz1Wkx7YW2jL32X6I3bIR
639,1I-UhDJUcZLIF6aVktZ77G9qCaGiRiwUS
640,1Hby2NJcATum_KW9PsyoEWPTgr2cD0qtp
641,1LMGJYi-HxQI9dSjiXSHcUOKCg7PeW0F1
642,1KRqmQ4G9DDFLMrXLQnHT1xsSFQQbIzJd
643,1KBuKVk9W36vNzKHoSQM11u97L5VdfW5a
644,1KU6Rpv9dSPifOzJs6jqIZYUcinOns4Ew
645,1KOo2wV6QgQfLJtx9BEOShKAphRcTTuBe
646,1KKqgKgwQhdnTnMXwhRbBJZUL9TmpqawD
647,1KWUxzYXtL-h3Gvnkt7qLKJAE7gUCFaql
648,1KL-7nndjR249vonGVU_tAilJ6t6konmn
649,1J9dGT8DtAOU6YClJTiBJBe4sRPOLdIPl
650,1MZlBSY8XEe0NMRDnubqR1uKTkr-WLWte
651,1CJBuTEbVhRrN-jCRNuNoxEikAMh0g0O7
652,1CKwgYKB82PMhLnJM0pb_e3dprWQIjHbH
653,1CAv1Om4YbrHWpwQZOB3Yy9H2pngpUJaw
654,1CNxFKJx0Gs5guOAiaq_YStkF7eYS7I6h
655,1GOaN3zE6n-g7kWA4fR7CKjduZP5uRwHA
656,1HUYRwjZeSjnjdMbATB_pd2yWDbtphM-v
657,1CwT-UNJfMQ9UGZEHhVBoaWaPp3DFcvcI
658,1K5PJzqlt8VxoYBcSB_FdoJ7Xp3dNB2_J
659,1CgRyzR_hzG6xQ7yD-PjqkBagfOBXqx3x
660,1Cmkfjlrswe3-1QDQAnsb4w0m24X23yUT
661,1CgeJjrICPmfFhDJdGg0tsZwG8KsJgjoo
662,1CzuOjMmAOMOOwkh8zRww0BwEsTlvFrEW
663,1CtrT9MD0GbmJWvJNFFsALOpQFSOUzdWu
664,1D4QhvbWXa7sZu5ojbfARHWaxOKtWZ3Ln
665,1CbaWxvURmiVfpkvUKttoeQaHZ08Xs7Uu
812,1YjH4K9Ztpf5C3JN0r9bg_2hirQ6ulhy-
813,1Yrdq0aU0M5yUa1AWa9RIiCOiYjd3ii3q
814,1YPPcl93xPRk8WF1mVHKuyaVn-MTUxyVP
815,1YFK3tu7-KGxF6LHVptZub3Q0MsIoIGsR
816,1YVcpW2H3cMb-GUAMKbGrtCqz1yTSu2vb
817,1YX0sPFOoN5qeQlS7fpiSmIc_M9tgE2MT
818,1YRUgsS9ITWImotge9VT6zwH02I2aGJR1
819,1ZiM95E4PxaAFKNXQ4e2jbH07glDNzanR
820,1ZwqNJSxCJupujzrGoNuhf3vogPb29XLg
821,1Zv1mf5fs16GUmEJDZdCK4C7CPtzUm8Jq
822,1_1veMffLg33Kdw255D2yF4esEouvs3hA
823,1ZmpEmOdJ06PEfxXarddunOHU1LEnY8Hp
824,1ZjVIqavnMB96SKTkeSVnW3ffCD2_Tccv
825,1ZvkNrqXZ5XibrIG9zx2ntMMaPTrkJpvz
826,1_vrwluHmKgefg5ybMGVmlBGJB3XUj_o9
827,1_wamg-B_dGsbddkParnXOxUhitt1SVLR
828,1a-uDVAUkHJeRbqTZ-K8922X0asaYRAo5
829,1_lQ9lAA3g6cy9l55ozSi7j7i_R-w0rl8
830,1_t3-hQmr8nObIKKRrElRfhB0JOW0mzHF
831,1_uKVfGoKMATprU9FRKMxPG_aKuUZun_c
832,1a-BEvle255Mes3KK9c8Vcxr3cI3aRGMl
833,1ReX-tphZ6dzWw33xNjPaTQKUifrDTt5u
834,1CPR0ah4ADB1v5QZeleIY0jyOHJ1d1frH
835,1UkGiNN2Lxq9-lASorneys3mhGumh_9a2
836,1UtMgtiKnsT6HXAO7is74UHnnqQ40aB_k
837,1ROjmiHwmliSRxmPvQyUnyRZo86N3r-gf
838,1ROY3NMJmgfAzxRdBdS0yf2rAI28Rq6AK
839,1RZoEa1t9Dg4E4llAsMipgDLXM4SWKEa0
840,1RV6z394uyXvipw50HD1imhjjP07W_U4W
841,1RfpXI0hgfWRXNYFVRkt_U9I133T5MTtr
842,1SgJCGYj7YN6mX9P5dlDOooHVLeeA96BV
843,1WUhX_c4BfsN39rXnT_9uQ_3vMlZP9Y-a
844,1ZWXyulKjHMAtYkUpTFZzwH6nw-QIjqm0
845,1YELwI-4ufegy0bZkCs3KwlwgVaEoLfoC
846,1_jcqDlMCdcz-yOEFSEHRGY-SZ5C0GZfM
847,1UZSFdwRAf6nuFrsuggRDc4WeuLcWegki
848,1RgWPiDkDm8iwkDYGz9I36CfZExuOvBzn
849,1PQ6T0Ax2t2Uhd9i4FesrdcvxT6fpfUq3
850,1PWAc5nkMIKZ4eXXWD4RMoHBQg4Tf76sA
851,1POjVmtp8Ms7vxfCLWIWtad0IRegWpKYu
852,1PHW1trOAzw_UHkZwooRZBznJLTdlYYtQ
853,1PI9AnJ1_17qa0vEc29rQ05GH3UazQJH-
854,1PbbUbUZAIJCw_M-eatkCa3Cjq989ax9k
855,1RpsVVnRRCM5RWUXP1YriJomb2_BTmZIm
856,1Rt2pgyipXb8wxNeY5i6eYfwfeA21p4Rj
857,1RrtKpczA6iU2nngqw9HiyFVJxbOioDTF
858,1Rl7L9oyzb8raseyl2OFudFjlngEx3le6
859,1RwrsvXVWIjCqUBtKZ6FU9jskS0b6dTfY
860,1RyiKQcC3pvSyLcaO5RicatyU67gmX4LG
861,1Ru215JAX3TjK5FW7uQr-cZm11wR3H-wy
862,1O274Zoxz79VGpfuUfH7hTMfIX6bBTEPn
863,1ONHbn-v7wjALWzF-CHLtWJCongxqD3tl
864,1OQ3w2fVHy0myUs43N6Rx4-vLAeIbgt9E
865,1OEMPhkjFCxV3X6ZH8SByo0B1aIHDTfVe
866,1OMLxJYBQqIXTka-_xS1NZrBtl4uaFqMg
867,1OR5egq86SAW0um4aeh0SIECUShpn2JTg
868,1PcBkaceZ4uu-lc0BaWD5vwlg85N61Bh9
869,1Nly7Md9SrMHLE5nZokByvUet6rTyfaaC
870,1Nch3vVliHz6z8RbYeqEqbAIyDIJfdVnt
871,1NhVfjnTta16wRuAiZZ3QTX5WeNG03LJP
872,1NdFaiFP9Ws-0sNvA_DZH959eRVYT920w
873,1Njmb8V_WO_bx3OFBxNaZIsQEb5NDXnGs
874,1ILMcRvJ4IRkUTQ6H6udI4lFK4mnGjtgw
875,1I3XDGJLkpMEAnpN-jUo7EPXcG0BctdkM
876,1I71J5raMZNbeSeOwkjEnQk4x-30nuT56
877,1IMrGAAVwH7T1quIv0Q61DmQiCsc6KWUJ
878,1I1bRA0y9EZBTJdiCEw66yQlY_hHG2MiT
879,1ILdDveXkFctLxuXwF3pXr57Ie7jluzch
880,1OuMvQoj9klwXZnM274bvQQgRQvdjZsok
881,1P3jqjYsMiOcKja8Sv7Z4z2dpHCAyBxRp
882,1OxQfysy1WD0BwW2Hf-mdzbC6bsjOOO74
883,1Ofz0TmVoFKTwFsnTGx9pZwgzz8rWVxPg
884,1P3_Bitb0psyM5o93D0j8lxHuNMrNWRo4
885,1PGnTM_dQ2y0fJUI27hBnTKVuO6jW2Dib
886,1OjFlcTZajNPjw-q484mPfdhUCyGUsl2y
887,1KqEaAjoR_DLdhXfkOiLPjr6Ad8D1aaod
888,1KgiRIfR2Gf_NZC0F9iBS5Xr4IKE_ak4Z
889,1KpWEUi1f-AfkwT5VQfybeYqk0FrJOnhx
890,1K_f4t1n-Nv5pqo0cPvndayIWj1OLwN2k
891,1KvM-umHvC1eij5p6ginLAaFC-3hy2ClQ
892,1KvlBLJEBk802eSG6KAM-x-5Ujcvrsahl
893,1LX8KJg-ZQHD-29wqMuHgjb0oF3X5_4j1
894,1LTCcA04WE-eAaNkDBvjIAhP3FqlqtNYx
895,1LWy0S4BvCC8jGCOBqrABjqUJkIj__mdf
896,1LU0UvLt92PF1tsExd7OOWqflqWdccGJK
897,1LQ5Fk1_K4ViUXjoiVwuR2QUecnbic4ZF
898,1LeHrOdC_VYWWPvKj1ne3pXBNPQV-AdC6
899,1ErfZlguJUboQhZJBp9wxFiI5WTWLD1wx
900,1EFTRezfMc2Vzh6iNjn1_yam_JZQFM6D_
901,1ESuHmkkbz-DWesuwiVZhPj-oAH8csLXn
902,1EN97sUWT6i8DGWpe-IsIKcIViny6dbxE
903,1En2AMZk8UuS1AVAqaRv0u-Y1fbTxdSnq
904,1EwOMK5w5mW9fVse_Wu4XpZUjvXNbrwAz
905,1HCbqiBJBY-pKDJ-kJGalxQYyxIIitsRv
906,1HDIlE88Kyo8VWuMewYa_9Pc8R2i_gWfS
907,1IR4vNxacUSo87j2yhOoqmlg8D017hfTy
908,1PhndHyDT93g2NbWc4KFPZ-kWkHECBvTZ
909,1NmkdkBqSSgU25amSnFcGkUSJCoFiLQye
910,1DMWOCvt4kE2Gmb13pqJbr774Zt8Vmuhc
911,1DEotanMqVMH9h7dCkHhD0nWghpGGMjiJ
912,1DJdHZMoMnImTdJpMPXAMzrF9PCE87cHa
913,1Dh-SSMImW2UXHFvh63JECPaoJ6lfy6c4
914,1DSo3uJFxiVVnTNz_zh_SRnYOZdhXzQXO
915,1Di6bxpCyhk3nqavSmt3I5GwLD-rgQAI1
916,1OTXLwXOBORF_p8f01Z3z16gMwarp3FpJ
917,1MyFZQ7jcmDJTAGp1T9Nqdj8YVlvPwS29
918,1MpWSabdaB03Sf1Y-sKFImDikBtoYbalf
919,1MsAocE1VMDBRqtZe9T82_CC51im7lXKh
920,1Mu4v1ZR_0UDvFwWmqRG7d7-8ysrgyMFc
921,1Mtj5T4mpybdjwU5vEOlrOLU4AzqIA4CL
922,1MzbC91HYRjrsGxGhMsdDL5_pIBTeSa2l
923,1RhXElzdj2Q-jU8rEL5bXL4jAjq218qRa
924,1QDu-0gumgnnyc5PDz5hS1IC40FtXu-w4
925,1Q-6-iC6VXWAEMM2QQVUFPmvDe1Wnuhx8
926,1PolRhpeHvWz1PXU7zU1Z8uLi_9D_o0P8
927,1Q22I0qKTxlI8NCGPxlZ6kqaXNmI83HvT
928,1QI6cTl6rKHNqPalmzJbK1voTfzxZ1M02
929,1PtpAdyKKMUM-Q6lQ_UjJRK5GJ2qQlRCY
930,1QHDOlmNRhYmKur8PNnNFTQNgGNqMDRj3
931,1N0dElPglHTOpn4hPXtIzwzY6WsxPRKet
932,1NsLhedlTeWe_HilU9S21V_N97fXgWxSv
933,1NySCzkRPGWOoYtT6zXKY-eRFGCfadUKf
934,1Nz6n_HQ16YhRtSj4q1e1GaCy9OwJl6i6
935,1NvNNZDblDzWj6B8s2DYv-rYoWY2tN_WC
936,1NsdKbAKIs-tPm2k2wQxSWK76ngWtClXA
937,1NuEVUrGHAM9vDHNFoslErRtNlpxq_3dn
938,1Nqz6H4zvuEFAr7qJ0wLkD25adejlLn7R
939,13j0htrFmSJdLdNIkmyesCeS1ay2QK2qZ
940,1DmR04OEuu-vT1KkWQggMcaMth226MJRk
941,1MGI_qcRSkHizA4SPszIyu1Fki3OWf3IB
942,1MPF1jkVpM3XwQUGJZ9bkvL3n5Ad8-HJ6
943,1MClFuJ8UhDwwQ4eNzH9PtcOjMtaZIarS
944,1MB3lhc3miCizpjGwCT2m28t8rSBXF9My
945,1MLm9e9W5MbKxsxDSQyEQxZZhYvcSY4mK
946,1MPHBAGIVvj0PRwbmdjDv1H_mFNXasmRD
947,1G5P8FRCKCFOBd-SVxG_vdCq9FAeLpd2z
948,1GB_eNsBzVzft6qhrYhHzbhCUIxRtf5rg
949,1GHiQ2MQ8W1DcqJIbzYpba5JCSezJumk_
950,1G7-VGaFa-63lxskmLVaS1J7hfgOVLYTm
951,1FcWDwo3TBOB0AzgmudOe04SN2QSJ7TUh
952,1GKdVEldAE-XwMQwMw8cdnXTSAj3VoBWU
953,13gMasx5OnBrKWTqvBFhMBTgOxngVpybo
954,1IsKzYysJgYZ_vbP2jxfXt__4-yqaTpm_
955,1IvdSgUChZ-VtFTy0v43vGILAsS4xahgc
956,1IrTItKZk3uS1VM_qb2xqFUdAh_Fa-oEI
957,1IuYx9lPBOK7ZRxRHoH1U9ZJdXrREOJAD
958,1Iq4laY8aXtH27-Sm9c3Hfz4uBkqSkXny
959,1J2JBtMO3In9ZjT83u6TG1nxom-GOkqqf
960,13BPncx--y0vMHypqq6KfLvf4zyCU5iUP
961,1FY2Bq-2BNmsRwBBeEWGVwNx6de1xN5Yd
962,1F7C1bYBf0ovnM1Syld7hscg5zz9YCelk
963,1FLYSNhly9A8NdqdgNlsXMHWX80ko7TnI
964,1FYITE_L7pdkZD2--FxZ9BTv18U32RmJQ
965,1FZMvPyTsFF9f93d-G57il12pB7UAcPKq
966,1FaRKmTlFXrCe2TnvYghvYfhL2rtEtOjw
967,1FM1do-B3sluznLYQqRXYYVNHDfRq0brz
968,1GMw-muTOV9wbFeEYDdRmUNECh8-1QQ5O
969,13D2tFcQzGy0M5SGQBe-q6FfuuF1lg5BB
970,1OdXyAbwOFr0akCkp9giVjHDavTo_pLEj
971,1MWHDy2zlIuHEzmrt1Zvn2X7-__rtFaKr
972,1Dr0XkkJY-IJnuxt5PDXFp9saIDOJsxjg
973,1Dqmek5djEQm7JlXQQajPtCfZrwqq3WoI
974,1DvkRtMIWW37qgOq7ne0OvlJS0RQjNtcs
975,1Dvefoioh6vSL9PSv-rhg5NxFxoCBnBLK
976,1E0Rh32_f-Qy6_BUnI2cVURf0ek-0eYtW
977,1Dty-sHeMcE3ml__asMp0u9EI6Ezyh_hn
978,1DtSsbQfbS5LAyl-htvz2R4VNpR_-Knpz
979,1J3Kvhi3ssW57YM4F2YGLXZrKeTpxcIsF
980,1K0g4FNkdU1mmJPHIreWGDwArNoSqUYNT
981,1Jc3oaPzSGGe0-8dWJBBXIoVdJhHORGZ6
982,1JZXiMGCNU6o9_okAkdwdVog0_-x61_ZY
983,1J_bSLCvjcPijZCgKR069j3bB-lD9Jxq2
984,1JfjKNAtS7V2SAQclUL3JqaXrHpPuWRmb
985,1F0vwSKdfq8sD1bFIoeJHunsVbmKgbDA0
986,1LkQFAnW83VxNSTgfcsvdi3kJWunANFBr
987,1HRinBIAjYO27DcIGqHAfP3J2y4c0NxnY
988,1HHWFh-S-GUEfZmlyNXxXIP4DWHhzQouJ
989,1HJLQ2w67oVgMbjFZj5C1IO4lsNcWdQvo
990,1HMGDgQI8lc5wQUJOVKs0c4g5Exety8kn
991,1KxoiwG7c2PIEFnXZzrAqJC-26P3MqCi0
992,1NRPDaYAj5MaMR7pb1JRsQDh03utVtnUJ
993,1NLr_VLbX0oqUpmPd950verWhJrPCZx5s
994,1NXiLoefbwvn-j8va_8_7LYQ1e0D7J9Re
995,1N9uPBCrsBy9LgeexO_6knHX4Tj040bbn
996,1NAbW8DQPa9e4Bxz0DsvhSF3rLVDIZWdO
997,1NFXCHPcCmt81MS_vYeDnh30qovDTuDyr
998,1NOSTfX1r6_i0wkFHTfVnpcMC51zIj6il
999,1IYEFh4U9dSHyakDrNaLxGocXhdWCZ6_7
1000,1Il9MAJGvEVWF9wBO1z5VgGSkkg9xABKz
1001,1Ibybs5zTzUpqT8L-vrXDSxGxd7U_kXp0
1002,1IpQpB5TOWZTRqgF3LiWbJLQ6dLtbb2oU
1003,1IkbzHnFtlHhridciA3Uf4CT4gRUzySMd
1004,1IYLw_My83MGtonoBKdRz7rxIuiElp0aO
1005,1Iafht4brG12H6SiuxMKBkL-bSsYgj98X
1006,1LquJOjSEJ7nSotUNOfldWZsJmgMd-Qo0
1007,1M24jmHVkPAKPgfqxBuNl0O80xWdziel1
1008,1LzXSg4pUgfmDm6BgsRJR3Fg7Cx7QV8n9
1009,1LubXe4PcgyqcoOuWUUs6RTwDNrArZq02
1010,1LrSG2iTI49rJmV2_MW9INsSThxL-fp0C
1011,1M1VfI-dufKTCd_7byk1VcQkb5B6HP6Wy
1012,1LzIUIS5WByXWtDbayy_a1oUBaILwLVBu
1013,1NqBZGe0oUjuaywNyqkHsvjqKyHgtP1nL
1114,1IRUrp0ftTHP2jDfX6xPPy32fRhpa3XCb
1115,1chIw7mlEIvVZVbVaJvMScqFDx_Joik98
1116,1cbD0Yp2clTFYFN-KncSRFA0pahPucM-x
1117,1J9iyL-pX0UcSlCz6g1kxIwDyx1XI8svY
1118,1JOuJM7YWZmmG5ONGr0ybyQiSa3T2IR-U
1119,1JPQcBzeg-g68EXuw8hZvqz2ee-8l0I5G
1120,1JLvSmnkUrrBV3t9NATIUvR9ARyRllFxh
1121,1JL-_hpDiAsEnFR6JV9-eLLSv1GiV2qxG
1122,1JH5ujOc054ToOkZfLAC7bFw35hOwZdoP
1123,1JI-roa5b2xGb1ffX-GHuQhqQT4EBAGKF
1124,1N1NS1ajacDVeHVIJJcW2naeoBCnmPSGP
1125,1T9ULhyzZzT-r0tqt1Li12_sxSOjNk2ZE
1126,1TKgc5AUCCnjywMi4m2mgqhdhH4PVN4wk
1127,1TOdDRLBViRdqqcCCJiqpOB7lleYEZgPt
1128,1TA2FzJg51oJSQD4bjI7Sf1CmwkPbEXsh
1129,1T9xBY92sYEK9l9I9IeIMqXU6BD8mZmGm
1130,1TQ1sq02bQJxrA1ixEzMfVSrGTNzCl_Wv
1131,1bkFgIjwzLLu_p8yHCO2S7BAaksmyUGp1
1132,1blUkkrer-0gUxycuhacTh78rSc42PlV7
1133,1a6QMfI7HozEZu6lvoMvntAOJ2M-3vz8Z
1134,1a7HO4VwApkhywKlXcM57BKTx8ruzXEDj
1135,1a0xjMMBuzaJK5sXh9SKxuSXr7vCN0R_4
1136,1a8h9Puh6ACkziajtQB7Fj_bZC1bEyw1z
1137,1a6_FtpF8k7hGn9HSOLvCvtDewnDAjwDw
1138,1a9edsQxwS9lfJETDLxGK0fo1481nd1k5
1139,1b-CBYy4804TUkLrQgobpPcAjg3zj3Esf
1140,1amiqel8rGPH-xMd3oQRFi9nKXI_hD-st
1141,1asReyqM2TGrPoldZusOb-negCxvtR5ab
1142,1ahWfwdkxqB4Gd8yhn0xqdvPl1FOGEr4S
1143,1aurE5e3BDA03IsrZ4l012fwrXTol6Nzc
1144,1b5ZvYi-w0dFgqsFU9fAtkIYCUKO4LtA8
1145,1boWKByX1VdpOzTqB3eiBbFi5f5nYtoCy
1146,1QjadhjWbNXAzy4XIZx4-IjWJEnobwsbY
1147,1QJ0_T2U3-FLTwE-tTQFljuw2OydwmKq-
1148,1QKEqZE0m3NyM_F_v20ZkEHfAexDC1yyv
1149,1QIS8YnjPTVyCrlMrPBcRrlKF6i2hgRUs
1150,1Q_yPZZCBSw_QBlWxoBJC_iseK4JVssQ7
1151,1QmhKkF7mvozD-cfFa17vmGSlQELgKckp
1152,1X3dIk1n6oJcvidrS0sJiHKIaHyNwUpyM
1153,1WqlzVfuWAI9Qfoidq0TFMrrEtKOplftP
1154,1WyNscM29Jiwv0ahKOqfxFoyp47sTUIZU
1155,1Wqq7O0jF_CZ8RoWJH7w5GEyGTLKHgcA9
1156,1WkPkPLW4Sj7K_8zcos4pFGhKqPNDA4mh
1157,1X4bpIjdQPYMw1WKxv9VPJutMefh9pxrn
1158,1cNsPosNSwz3JbOoymvYCvo8BfvCUqVhA
1159,1V-KuAPHM7LLHrqlVz7ZCf7obgBji3k2L
1160,1V-u4HDqtxtFG6_1Jit2TSP1a-Jvtrrgb
1161,1cK4Plc8SoRiD8-tifKClHd3kgePDYMZ5
1162,1cGcikXZ2T3QcbvrltysgvouNE_LmDddS
1163,1cENgaQXXipPJyox5EwQfW3zpYJbZiWq-
1164,1bx_9_Eh-SWq-Q3_qci0R5gRSh3xLy7BZ
1165,1c0I8ujVKH5XSGmRA4itNJTVyao0G6hAK
1166,1c7l5RU7RspZGcNzX6aKz3o3ldx-ivb1W
1167,1c2Yec-U8i986xiXGaBqktpswQttvUqlo
1168,1TTuIVLe0S9t-in1uWfH3cWiW3omHk4ze
1169,1UzbPT7fbT5ehXrfw0ATlycnxBkDyYtfK
1170,1V5F_Nnp4n-6M9SB5Xa_PX4E3PUCRBZpF
1171,1V3HoZpbPmbbDJ5jIoc0D6aU8SWgmUv_V
1172,1VGuZo2_yq2NjMfXQ5mBWUW41krjKP0yP
1173,1a9zcZ0njK9O4PY5ugk7-QGWn2eGDElvG
1174,1Qnq-yYaPDQKSrmpDnN350V0VUQ0WHEPG
1175,1b71mg3A1vfKllU3c8NBQLdwvOloDUVGo
1176,1X6TnSq42jci7dZ5xQqzOqGk2myVg07g1
1177,1VJ118MGbn3DakeLs1HYeVrc1nZ2Wl7Te
1178,1TbpHHMD72RXOMk8xFykKyggmEZ-37ykc
1179,1TYnTRp6RPTyMqROIOpTPT_PqPwiYNz0x
1180,1Tck0HrbAmxKevNdZWBybwPChl5tOGh8c
1181,1TWKIJxyxgD11bLnfqZGiq4wiiHRikSCX
1182,1Tnh2IQeDdORlvptJkXT8zIfLulBoBtOU
1183,1Ts7t94T_RGYMWRI_mba4BZPh7MIvJFRX
1184,1TYIFXHQJEUJtsFOJ7GTEhJbQ70sJ5WN5
1185,1VfvKqiKOh4nGKRJPtgJU-ZrjGZhHVl0S
1186,1VpB_kX-VNIPKK4kggJXRKGBsKqauVTuh
1187,1VuHrWZPSmrq-pGY1Uo6VSIXWN_QyYmb3
1188,1VohFY0PePkEbYEd6B6KePWmSNxkhRUJD
1189,1VWMkA3ghjs9beoCbP_QveplgXKbi_2so
1190,1VZ0Ehz7lFv-46B--m09Bx8DLWVe67vgg
1191,1VVP_g8rbkgMDdlV-ukk-lFNtg2mU7fgP
1192,1XWzjdqFhWce0TyFeXP2YqG71PB03EhsE
1193,1XMSWCjSyK_T0FKppuD037uss_T3wxlWa
1194,1Xwt_t6Anl8ZMvwdwbj0mJejFKwYy2xTD
1195,1XEWGEU9z87xfToCzX7RIgo4W0nfmsrvi
1196,1Xic-6TwhJ8wQOlJLbzLcXv8WzvitjutW
1197,1XqYuNaTYRPATUJ7Xhyn2a8bkhQnWv_yq
1198,1Xuj_tWvxo2XWD4ySYN2rkQqTOIBNG86R
1199,1bNm6A_JwzkTL99ekj52FMZ0RDwvUU-M5
1200,1b8UC6g3-WjTWj4_B56gb09yZ5TF76jsB
1201,1bZsQbriXM1xAHlHGbRY5zEhOlxWps-ez
1202,1bEwsnzbfy9LuZ_6PLs9ZcYjroAcQgfaG
1203,1bEAiAgAwNrpZiT4oVNkeElam07B9AiyD
1204,1bD2oxXTijQsCz3i74RRkEAKe4WgJI_H3
1205,1bMcBWFqjbismpe8Vo8CeGwMsqg41LMIo
1206,1RHEFVLXFDTX3DZY2ewWrgLd3vg03M9B1
1207,1Qz8CQogG3wgWD8n3Xxq97vdbcKKpF9VI
1208,1R3wfBePbHqjUGOPasQE1PNmq8nAaiEyu
1209,1QxSOtx6QMPA14pXqCHzUMdUchcXQAbrG
1210,1R5sKfVVqanyurJbloYy_gnp1gYedOCey
1211,1R6zVrfNMDzc0OeGsITzZ3x6aNAH4zHDP
1212,1QwMlucoh5ZdPdZxlaif81EY-1fY2CC4h
1213,1a_0JOWx9ggD5pCkbefKmStbxPoh70qMz
1214,1aUkXypUcdpXLCIIsrdv-wV0GkaVLFWgl
1215,1agBF6EpbY-Tb2EACu_lWDsVYAA-NH3md
1216,1aK8w8qpFv4aeYFcU7zDHiO3BdnUWvJKn
1217,1agotbw621NdnzrXAwn0-DHMd1bEwGAnQ
1218,1aNha-VGXEh_9MPmPnOABj676Go776Bjy
1219,1aH1Z3E4c0aGkrN6WhkOThDKpJEZTtEgt
1220,1W7JejYAshR2aQMW_joXnxm2Q_10avTYC
1221,1WQK6IxBWyEBUqRLLGPtGNxzb-glFD_hJ
1222,1WOISs2Okvm60SnzyWxYqs1I5KYK4lKk6
1223,1W1dvTTopDBfVsjnYhU1gomYVncZL2hMU
1224,1WIo5I52LoEkRJgptcZxGR2MtJdZe6Bx0
1225,1WQL5BB1G_c1RtT4AKoYUV3orFjSYiBGH
1226,1U8jp7X89clMrmw-jYbIJcd0g4Q-FHQS8
1227,1U8MACn4P8YfTahh1KeK2Z7l3PQbAYjPY
1228,1U9ODb0vDr1ZDMQzJnjk2LqdTNPOSKm14
1229,1UGWoouvjPTiXkUYirp2TChg7uJn_ZLRR
1230,1ZO6WpI-I1c1k7WTmbIoPWlfDOz4PwD-6
1231,1ZKCKKe1oxWd8hFR4mWxfNU5iPlbsQtFM
1232,1ZItUYWqpOTwlnms2MrtESN54QpzN-Fsd
1233,1ZRVZS5fF3tq27ZPTOU5G9WGsxQBl1Plh
1234,1ZEzyqBKRBbpMLiDVPoKgyp1H7en-263T
1235,1ZTqjpEr3K4EWmKO4JJP9dQWU_Q1bKtfh
1236,1bqWOp8F2_jMQurqT2LuV5yh6MCGGaFCy
1237,1SGKJCX21qa2pIdaNp4czo8SUwyLZ6GYz
1238,1S2wEHjkVVCz0_-wRBoG9LUaZ-Fk-qw78
1239,1SWtKTzVPypz1MdDQuIWfee-wJUfMuYdr
1240,1RzRASY-GYXy0AsbmDE7CE0NJhMOO-R-C
1241,1SADEA-K6TcixbRxtxlvuFbt_04AZTEoy
1242,1SVReIeYGYJojS1S1wrwtKDao-6WlANtY
1243,1Y8qhzL9XAopWzopk_gQ5VAfpKfpR-h6h
1244,1Xx1Bdk4WqGX_T-ynmFoe4yu9sL8hZp_x
1245,1Y8PdI302bS20BO9csVqf8y0Mxx8jWS_f
1246,1Y6vw87fw8_q0xvXEEgfl2-2rn8ebE1VB
1247,1Y65_wz_XxAHiZIt47a-ynBg5XFWUfXTF
1248,1YA7Wg3aDuFx9LgBeMJ0Xo29ISXMSvJOG
1249,1HTBJu10ThDKByhwYasOO43m5h7YV6B8Z
1250,1Hlrl7EuqVdNrh0SkuMglUNvNTtYY1Y1S
1251,1HiervjJBuXytJzltfh6FnnOBkMob7Hze
1252,1HwhfHDyxEKPkcAet5cJ5cLErsD5jpMx9
1253,1_R2LKRaULEXkpuHBEBJNBwcoEt_cdxbB
1254,1_MA2vWllFtg4XJQvcwMbdiZJUUQ9MViM
1255,1_T_z17RaTwULfo76mXEk33gKquAhuQWd
1256,1_IQoRyHMc3INucvyst2V5t52j_jS_Wvw
1257,1_D14l99OPzVgmm5JatLoWL-nmTMHBhB0
1258,1_U7HKh6NqfGbkpXVds5o0Zl96E4kko-z
1259,1X9NPPnnBMBO6PTjuKLgGqCL4KJyfMBax
1260,1VM3f293W3T_YbckNPjolYO0hym_BEb1g
1261,1U5goqScBemLdESlV2oBMklIuc6FIZMKb
1262,1QtnOsWaSYluYcOnoo3W3TJo6Ui1jcI8g
1263,1bfo-wzTjWwFhAsikCujS2XOpg4bzUfhd
1264,1bik0WHXfTaSAH6VuRmeXoKbAQUu_8dMK
1265,1b7UBdLUW926oitSGlzGDP9z_vCySsDrK
1266,1aCmW2wqhNqODHxvK6MbpTOl20xxdRC91
1267,1WSA7JjAYrjVgTFiGZdISX5SEPBPcx_J_
1268,1SY18fb_-BeACLbOvHYWwwFB0dl82xgCy
1269,1YE6cX42esKPIPvUQzK8YUYfrSxmzfjwL
1270,1ZViWD1Tz3UAnVbezIFvpDsgBGb2BfMVa
1271,1UYvANo5Y0DFgxjXu-9r_6pA_V00g0voJ
1272,1UePD4wbRiEGnUhglSgiS-y9sJL5z2JOW
1273,1Utz9kWJORtZ-B_ewfg1aApRfZ10nMMqn
1274,1UvqLlBNUOElmQf6PXJZB-XQsOT5fatvC
1275,1UliH4M2a87ynqFnJSowAaggicpbJpWMp
1276,1UjPh9orBmB7UordN2kz4JoHuvpQT4V14
1277,1_ZLJtt7BKCYnFRcnGE3uqExFUqaw7aNf
1278,1WjWgdLuDBQ43EMGxM0iQOL9Zi5AqLURb
1279,1WV-UjJypDlKmqEYGi7YJT0yu6Rf6d5oE
1280,1WbRGV_sShg-m8DPDP4kX2YMPVFDewEpv
1281,1Wfjb13FAtFu3_GIEJdpTmXBrQazOj7gY
1282,1Wb7dDxPSyrYl6punPGguATW7uty3WiGg
1283,1W_7CN6rOYGdpyMFBZSi4sDNt2joVUCnR
1284,1WZFR6KEk6TjdC_mHYt4tq2YcGIVW9L8V
1285,1SjLjwf2MUkvoPeYZbMzhmLKyjkZiDVa4
1286,1Swz6Qgazz1JWsLY6YRXJm1GzICXv2csM
1287,1SpwsePviX7QEPsqH8GGIHa8v4_dBFN5z
1288,1Sr0XkMKZ86wIoVXkzvrdSVCS5vq3xiiE
1289,1T5O34G7UffPV9x-j24ySE8cGwRA777YF
1290,1SvM2bSHAILOJfl7TDLujLAozXUcJg46s
1291,1StJ3RNL7gdTitoqPSfd2S0ToJ-OvxPSC
1292,1fGWlGxycP-EZWEkEfGb07h2aJNRoHFSw
1293,1fGWAba9tZmvc2EI3riheCstamZ3sbZQo
1294,1fa7uGlEwmXFr9xsQmyngLq4oynnB5JDB
1295,1dZO6HIQNxglREMQA-xCOF6Ph9H0Vnurd
1296,1dcvx0yVE1JfB_0Jrk049Rg-7fiYvyZCp
1297,1diL_LMl6oLLHkABSMuH5ilrtsC3IA6_b
1298,1fTzmwN11mQlrTEAkCaUtSCGZVHrMbFGl
1299,1fBTsQF-XHt9GEBftaavordo7bMek_fBy
1300,1fGn07L_J5poxw4gjNuWcqegGmyn64ar1
1301,1esDH7EOY4B_GPXb_bw0KZ--Q_KEJQUUY
1302,1f6BQLTUeJ_8Fpi0I2cDwIJHT9Il282Lz
1303,1f5JZV12wYAqFcpIRxWBegCmvfytsAR-6
1304,1eeF2uIjNbTmhf8SEbbMFoBirK71UK8WN
1305,1eiD07otW7cSgoXg3Xizg77mgkc9lkG1d
1306,1etYEtOSsCa-pJK1PiNDyWdhwdHmMB-J5
1307,1dibuyZ3QU483P6rglqmOnjl45wp9wbB1
1308,1d8rihhQZ8I2OdFu2j3w5ZUGyvgB9jAU5
1309,1fZ_G0FocPq5rTkncepU4LTfB9Uwn2u-B
1310,1eK70OtsN1-5utYy8MbVzxsJsIFkYstwd
1311,1eE5MKzR2j5CPGcqX7Jmz7oINMsh2MqXg
1312,1eJMbTTeGvGyKUHtd9qhsh8AvZmbYFkRU
1313,1e47UNsUmdF9mGhpYuHSrGG4hMVBQk5sA
1314,1dyUxzvyU7piluCugg1cvT4daOmf8b0KV
1315,1eW9701A2xpqgPsu7UN4lZ7jiBSqKzXhM
1316,1e7jHysrsEkSjvYpmtYgGHCF99VY_HxVX
1317,1eaZQJB9HGIJsYskNv0AjBSGM8pWh7lP-
1318,1dsCYhgfyjdk-RhN5-_C-AiS3o9qdsKSI
1319,1eXf673BRNtkttJpTX8bRDc1YRPO0SQkJ
1320,1dR8278VZgliqxaDAKT4-_SuyhVikD1_q
1321,1dfC6MI6W2hVpyI9mULyptpQdfv-zZwka
1322,1eWboGAtYeLZs81SIjDD3PEkba5AmV2eM
1323,1dNV9EfF0brzTrxSo88hGvowENrg3vcwf
1324,1L8QDx2CEI0tmmW3OKDTMS8Gl2BTstRH_
1325,1L2F9zv0k0ttUhjKysIi8axmXxC7KEYpr
1326,1LJaZtbF9ajmPdpzs_35x2Cq6I0gz28n4
1327,1LKsybQVgOyjP5S18fm5C6qQjI1HCXhaw
1328,1LAqoNj_WJHBJFsqzpPwbotmL6mLUud-L
1329,1LHhCgBr_szK387bJa1SfKXpq0ouVYt7d
1330,1LPLsJeIuHskxOLKEnXainPEiO4O-mNMX
1331,1cSdfi0Df72q1Sfw_L6S-9zp-T0YEEgB7
1332,1ca4lMI0T7de8HkOEFzATm-UYTmgyP2i5
1333,1c_hcvaUaqtxtQ4nhBq1anz0PcdApO9Lu
1334,1cTo8QK2GbBnohIInOgPHaSoYnKZvvxES
1335,1ckRodSNg4yKP8BFydZY2zxA-OQvGF8uH
1336,1dR-S2xUk07_4JjH3Tympof1Gty_D6bx-
1337,1d3IMhyxIPfuyU-eGiarsKeVZ6e21Y9fb
1338,1cx7xIrkhlSBDHVr4s5Gt_zbzkW9oTgXJ
1339,1dOlbNVS8EhHf4ONf0obK_eMdJn2qdFEq
1340,1d0OTs89wsQcAp0_FnJ5YNIMbY2oXJDlU
1341,1cjigZPaN50oi-WjIJcqUiy4_85UWqZjw
1342,1d4nc14MZeKX61C-84iAaFsvelKXuEft0
1343,1dLqIXO1bNJ9zofEo3s0jzNkrPu01Je-H
1344,1dLulupAt3j0EoiiXVtCBAnE3CHiuj5mm
1345,1dQuVIpmpSECuvJuaApWN-vNbtvXSHMZB
1346,1cjhZld5Rm6KV9jCP4X7Bbnc_Qjp4uLTV
1347,1cNu4kmAioy_8saSoYe49BhSHBjZ_yrwr
1348,1cyvLAWVFpnEyO0bnR-Rtj__5q9U4Tigv
1349,1kjuSL4e-j3QqyMIN39157pKiqPg_PQRO
1350,1kvGgHahOoGMPUUKpUgbH-f1ZKsEIouw6
1351,1ktoMAHBFGOouiZ91DqCWoM1B6HX6xgx_
1352,1kn_SS_CEARGwKGZt_N0qtfMEZyF-KAao
1353,1pJRQPZnvKe_-pLA62JcBI02860DxuWlb
1354,1plU4Pt-4s1VgsjmPEhwINjEWGh6Xl0Eh
1355,1pKuDx_ayzgxX3b8a4dBSSY12JVv9ZthE
1356,1pXItl-gClo3-ER1AxLzzL39kBufrbBGb
1357,1p_m4CNQvwn2oog_rF99FLSET8n7A2C4l
1358,1pYwggn5z61iM4rsL1s27BxzjQrhkhdRl
1359,1pVjQSjxYN6ocDy1ORCiZW-Oh2GaEeDH1
1360,1t7W9ihqHYzay_etTztIbAXR8uGFNMEai
1361,1tBHlPCSl82Fg3CCvqWR6qqwEQtlma2iL
1362,1t7VjBrqWephR4xL5zGE7pwwahSqDpJc1
1363,1tBBeKgmdzM_VVZYI82m39mUiXMY6TjkQ
1364,1sszInbmAddoyhksMuVk5EG3aB_dmi41O
1365,1t56Y16RXBGmL-uNSgXoOPlUSKTZ10Dvv
1366,1squTdreG2-zyy8mlmc1aMjzOjpbIiv_W
1367,1n8VpuM7COZlgRTrPAwwfddNkPWcHwcfe
1368,1qPbxeMUVOmdnpKXeuemXGV6Ko7EsR9fe
1369,1qNQ44TvvggP7cH0yPu6KXurKO9hbir_d
1370,1qM6nZNBbzILRVVPl5NKq7TIhfCixLJ4k
1371,1qZxC-IJxkBzxRZG-INn3nDspEzj-5yDw
1372,1qV2CNiVbiO4ZKeRNifMC8qIrS63-0q9W
1373,1qVsyuA0U3Kd1wUoANMXVnnMFH-33sIhC
1374,1hvc8DYUO66WmPcypLQDqwWX9xUZ71g08
1375,1hw20EqnWQt06KOUpFY1MZf9AU3xboXfj
1376,1i5jh9hZz101ivpLpS3DlMUHBjil_Oz0K
1377,1hvcYBobw04Ct7picPs52cn7Hh3-igIUQ
1378,1UOMly45tkXglVfoE0r2-FCWGcVUi1el2
1379,1UUMqakL8wrduxHl5l8KkhzuRC8cejZ7i
1380,1ng9jrDRAuwUmKLHnIK1h3COjrycXQWLq
1381,1ndNjW_acUMDsK37iz-Tu8mSt6Nh11AyK
1382,1nVU2Eyn26PP2Cpld61F4xpweHO0BC7mb
1383,1nWROx0mriEjbZqx8UPq8yGopbKmUqvIK
1384,1nf82iI4CNqW6jMfhleJiypmgCs3MxFG7
1385,1nPyOHvW536dNGpJNEBy5N3TbVbbWrYPw
1386,1nDi9YJM8EdDZUirkL-3JM48Qngp9N418
1387,1g_NchOi5qTPQbuxeH4xbM9BH-fM5qgTi
1388,1kyUQyHWD9apjOWadTf7ICTEVXSa7wamV
1389,1kwzazcpfVq2k8fQGPAoXXrd_AJRp9tvl
1390,1l6p51N1oIH1w-Dezv9BnWd_O2izVhdpM
1391,1lOnYWduJCgzotQoFoOGSMCECjVgpkmtn
1392,1jHTrX-6-gNXY4dH4eCL5_A76xFSU3XkX
1393,1jLA_WRnt4on8i_jTqEMUy_nwCYDMfbPd
1394,1jEnaBQFeY7loI2eALu6-pJghpkKvJ-if
1395,1jHRw634UZ60w17lbg3_Tvi04n0sx2mqR
1396,1jBIBBkL-3ZjIRhZdiPD1dxEfEN1JLH69
1397,1jUK0QC32W4wLTEkpVow6XP754qhYJQzC
1398,1uEUdo_fOHAwXnf1xqx7pP4dIZOeXBW4X
1399,1uC3xt40S5qpCUZpWE6hiuY56YjSUJaD8
1400,1ifYC-9s0diK9cjt8hqVxpIvSFO6EyMQ0
1401,1iNTGwsqaPpAX9Orno-y1lHf-X7vKb3tF
1402,1i9iSxcdOSrcrb_md9gQjeg2rjZee5uFu
1403,1iXDCkFUA1CT7NpO64FAyGv6T65anv1cX
1404,1kFQadm0eREB3CUnGo2_xurRsdbQ7wkKy
1405,1kHvhz90laEkUgtANCLznlj6XwpnLzCJS
1406,1kNeCyc27MKgOj-PA7LGdnOXqi1nVSZEM
1407,1kQrGtwRvKfoOq_--IsZEozOh7UFMb9qP
1408,1sRtqAJzGcXYvf2R48ML2Oao1zFZGwY6V
1409,1odH7_9TJBplBmb6AGYT7F6rE3KyDPE1N
1410,1geqhvQk59NBUWM2ACPUdkRTHcZClCAnW
1411,1rLV7h7he-kjM5dD6UVOXCwa7owZnmms7
1412,1sqX1JAVTC5m0GDMRQ_VxbtDHkAFELGc4
1413,1l5ycqtGwClEslmytpI-3P4aZiTw5IgUv
1414,1lv0HBgNQdfPNjTMoI2ivnqQnRe-DZHlG
1415,1pC6E0MrJ501Gq6zbqOZcHWdvzIkr9bAy
1416,1u2R_P0G6QjNMsgKJBDWsFcJgU9kC0wkq
1417,1gt37Ud5LEB8DYevbVgIakwTAv-a1pvFg
1418,1gptTMznstZqa9TSg3lXDjPkYkgcIm9z-
1419,1gxzr5TVCCqdbnYFB7RwxoLbcUtA9ZVlO
1420,1hO-IEtRmm1qsr4ZAOH2NLpax-DUbCDJx
1421,1hC_b4ORxFjk67FDTEs-SKBxRXJyxGpcK
1422,1hAfAw3iUR5arXdbfzmKUQ9lFywHbES3Q
1423,1h13ibFWv2o0y2Ldd1X8qRIA6DJTYZZxE
1424,1o7wic13fuwN8lncj7C3shbnUmx2jvSUA
1425,1s9RAHK10VvGcz6WfVpMVq0GJBPKE1PZV
1426,1iWQTFguaZXu6rxjxsOHz9P-44vKnKwdi
1427,1kL4BFCazXqEhkKlawDK3UrnYGVCc0KZr
1428,1n99h_5HX81mQjCxSpw0ryQd5S4APlGBX
1429,1jPjPfoWmrRN5xZakQIYzezRVvWlLOOSu
1430,1qIX-1H2KBqFZH22GbN3Qkyb0pVpS4Tcr
1431,1gzo95_uwsnb3eQ1sO2Tc3OWbSOVjaCCF
1432,1fsEGOW-oh2Ikme3YxnQ3cx9sDm6OJNJM
1433,1ftmU4WX06w1-VXLcNcAUoRuGgkqHw8XV
1434,1g1vp_ld20_zjezEauRIFbxJw4IajQE-_
1435,1fznekCrQ7pHEnkjHfDVJczUwxaJsKCOD
1436,1g7ROPR8hepAFOZ3NRPyIlzeMS55TCXMw
1437,1gBxTS_QKoLJ2M8gMs6E3ekEFICJAr20k
1438,1g7htp1rxdhLHuW7CfdS6IRZoRLKlO8VI
1439,1g0E0QCvGW1v2GMdQ_Uzph9m35zSrl-s8
1440,1fsQOZG9z5r6Ko2dDELhvqb6Y4vOO0CLr
1592,14Mdp2yaqhDWYWzBCZvWI2SEVLdUJb8r3
1593,1-TDIyqN5C2weuqIC-0QVYl60Xel5Lnmu
1594,1fqI6HZ5nqM9hEWTr08Do4tHsWip2L0Yg
1595,1733ogRaC_FTJj-LfgKfGShoouOTAMw90
1596,1-XQi_4CFVndKlyMAdViy_0prJAz5jQx7
1597,10xkA0rY8RKLOGhy1iO7EtHpkdK5fqeJb
1598,11IAqmrmzPZnhQc_Bsp2nUK61Ej65-qnw
1599,10CRaVIQ7oy5U7O4H2kvoDq16F0ptDm0_
1600,1-nLUVVKohtmX5S0q_QlkQCeSM1tABXGs
1601,1-fY7ZUzUBt-qm7Pn1PDE5FjpfyG-9gyK
1602,1053GbEi6DyQ3mw_PPJ0zRUVHIxXE_Xvu
1603,108C7SGNcEZ3gH0MUhIQTe2yzQSCzHLhL
1604,100CDKqx1hELgcEoHBzED6GT0g0H67UJx
1605,1-mrAZQ5CE6pPcA_OBRizGwVPo8GbYIJd
1606,125Yy3Z3c6ZSUA86j_-c0yZB47z4UFDt-
1607,10v8sqMuMyF3MG_5KnozPbq9jnp8JzTW_
1608,1-b9Om2-S0QwP5tReEfB5hP3uyhACL7N-
1609,1zpv5n2MnaeO1u1grpa2Bmg_67iaVK-LF
1610,1zUWNTAOh3dmOAyVNy5L7h1WImQNwbYKI
1611,1zUrX6vLuVx4hWirebIdqqMek5DU-q05i
1612,1zVp9iKtgVjYnfAcNPG6KBFnijh3-Edfv
1613,1zXNVkUVe4AlEGkLkr1H4OBScDy0Jgoqu
1614,1zetLXoMcqtojLoLCH3zKYeI9fgX3XCMx
1615,1VcTaLqQ2naTml8EAdx6Dc_TzUMhT7yX4
1616,1msD73wPQgvGEPGlZJNVRKKkbWs6oOWs-
1617,1Mx0Be0kp3DA6O-8xct2LUxUM3kAkCB_c
1618,1n7SFDGQiUuI9_9k2rgxwH-0OROkzSHs5
1619,1buCb7c7mwQ8o1KuZH_9eK9IgD7SVCJmO
1620,1LsCF-8gjVkq3bf22AjYa8aRPzXZv-rRt
1621,1qO_qxEFAckt0gtTTLwx29zjOrBBM5hUo
1622,14L4fsKfD155RTJawTFD49hajsdUJtugd
1623,1-8lnA9t4oO89QdUuRBVBBJfEOBfiOCxE
1624,1-355M4uAxwPE_3FeKna2L21ThPOlUGWS
1625,1-7a31ijJX8TPvOhpYv8Wfo0JZjH40a1J
1626,1-2cmUc95MaFjks_yD2lxbte09XNf1QKf
1627,1CJCWwzCz7v9bU7HTYdnlRnz9WTVC4CEl
1628,1w7SK4r7kIafF9T0F3KuCw_aJb9VAFbi4
1629,1w1EDGRxJEIzr1rosGUFzikmLyOmS83R5
1630,1w7L_YOvBOY7_tdw4niMYs1iGMKLULuEE
1631,1w8ZP97WPRkM1okxBwJNwSFANlXPnl1LN
1632,1wDG9vqtNl-WUoQeZ0aOXoqtnWTgCan3O
1633,1xHNvBGeixsDpoYLcDHZKEVmg_GaJHZwG
1634,1x7reFId_u3_ZnOWSUHfDpALv2CJYek0S
1635,1xNXJlXhk2PDk6mo1CeNq3DEPgwqr_2ds
1636,1xFekO0vYB-1VFUm5gFplPTOK4A6KtDvZ
1637,1x8FQ6Hyc1OJm7OdiKykJoB6Z5hd5XkPc
1638,1yZJLjF_a_dqWgbLSvDAdCReP-UVMDQgv
1639,1y_ZKRisdA4nKqWDus1wnIwJsW8hxVe53
1640,1xRC7rE53aOkptJQS3xC9K3waMxob151_
1641,1wEYPIMy0In4UEBA31yRSsVGfqKRbdkd5
1642,1yad3qsWcbols9DMvJPUJbxJAw3Ae-8mb
1643,1laBcU1nnW2CXgmgLy9BNtCT2UK3kScKb
1644,1lOqmZg9qdXuZde8nfc8zBQxpfeJ2A-to
1645,1lR919Ss2kPjXa-OTbHnm43XXATN_Q1OE
1646,1lSrLjk3EM70BXNkhJWQC8aV2V9sjLKRJ
1647,1lXADEJf4J4LR0sWuPwkCo1PtKrJNR5nU
1648,1lY-_wq01Vy4DYfBzkWANyceFZZCXr1sN
1649,1rvEf2ddTJ8zPvXFTk_2un4nLoPqM8Ccg
1650,1rnz3nhZv2gxT0Jp-MRnWeGsdEF2dWEQ-
1651,1rvSLK1TZCKJAShnVCMwkRYorhxthy2-M
1652,1rnL5ssiNLf19G2uPNXeI-MYyzd6PFkV4
1653,1s-s1Nb3MYZ4KacACIdpaqyjkP_75Jf2h
1654,1qoaimySPO4fLcecdutl0I_oqlO1T7PLk
1655,1qo0TGPYeKJ4-bGcJVK1Dx-8CoEv0T5yg
1656,1qoJXupshpRuqUKXK70X-Y92NS4m2J4PV
1657,1r1QO6ecAEbD9D70j_mY4G2BTTTdguSDX
1658,1fmWJsd8JN8bjaJwLSzVPCPCcQuLzReMJ
1659,1ntnoWhJCwdBysv9Ga7HgpPOcpKxDS8pX
1660,1nuODU_FFYf9yik6VXQESM8MTP6br1NNf
1661,1nzcX4AF_o93KNap45P2aozvm1XxiBTFw
1662,1nzMKW7gHCIblTQsG0zGtM_qrEMF76iWW
1663,1o32tUA_aex2X1dCUpveCzuARcPs2DXiZ
1664,1xdkNRfA63Lq6rBcp4LN2umr0g2h0X2mj
1665,1xo44F7jddtgg7inlaqYRzgw_SocKq36D
1666,1xiKlBORy4_NMKIvcPgelGrodRnWu3Bp6
1667,1xoCG2XTKzTFOUa64PF3LUN1ESMfp-Rjc
1668,1y1TscC_dALfTIumDlP-9wUlVneEt_YRv
1669,1yEUwBdoRnCMpFZmG5HfZExc7WBtWJsdw
1670,1xf_HOKp6u0pjKmZ_akNgUF6-_7vdaWSN
1671,1x2UGRkuVEgFdr_BwzyQbvZRqqFMLoD33
1672,1wYOXN4vVLofbavBL1PqkjB7wxphwq7i9
1673,1ww3pSLxB4NEf0OqbSgD2jbn_VT0L2lNV
1674,1wwiQUNmO1B1QjedbMIBvNw8mIwfl5RKs
1675,1x-PT8hQD-c-tq20jBxeC_MFAjy4CQa2l
1676,1x3XC4dP8HLKmLNkUr_VAiiX_sDooxrXg
1677,1wwweLu3CerLjd8r65dB_Tx7ZgnWq05o3
1678,1fpcfm6IR3Rue0txSpaYfhcwXp8qH6CVb
1679,1ffZDeKgLfjEyNxdRk3sjQr9rRlk1KX2e
1680,1fjJwR9QI_udYcLJdg7Mz4gXIAkWGFB04
1681,1ytesso3E5Jrk6RVMGZ1zYls-USEDDVd_
1682,1zSvvchSfQx5J5lr50hPsRR-4Jffdriu0
1683,1yucf8NKRi-nJftAhdYCW32eSp3N5zFxW
1684,1z75QIXNcGpd5HYykEovZJmYmpXIn8OOd
1685,1z1HacxA_SH8e7iv7OnczpSlyMUu_s_Ur
1686,1yw40IR9rahqnWR9Dhhj9cF2xGEIPIx8Q
1687,1z8h_R2n9NUgro6pQ5uxcJg43WUX1XEtD
1688,1wJ_D4C10rgzC2X0DRe4GmjMnw1oxDhxv
1689,1xXFrE-bzyq7N_8Fg-ib_nsc94aNS9ZCQ
1690,1wRv_5T2eBOW8M9w7O9XfHluQIIY2_a8O
1691,1otcEUtOK5J0Wh84TalqWRulEC6X7OOcr
1692,1p5gN4FNrYE_z6spW04QnzW1KZb-702k1
1693,1omCTkdQENxDAvycpku-62iu4qDZxfbKQ
1694,1p2zRMo2cK9DQjS3AVuRFaYreswMJ68DX
1695,1ooUrV4oTtl1RfzV2VqLA6x_67OejLml2
1696,1p9D1-wAP4OnX0j2q7Q6vHa9Zn7Q9sfOZ
1697,1tI7TSk40HR1MiNlYjq82qJHgfyKmDMLE
1698,1tJsXuE7qOWJsJ3rph_Ee5bgQg3bGRsPV
1699,1tF4I448rB5Eu7Q2n_B8qmkD_P2v2sztE
1700,1tMiqD_bnGnatpykklcLKV52PURzLSilK
1701,1um3kXB0FvEcQir9m87SQ5XBD108aiciK
1702,1kWG3UTA2AFrA--gzbT0g5mn7hH0l-K8H
1703,1kaI67jjc_oY00nkWZpAg71zlcbao82UB
1704,1scxEsrZ8X1LKuuxpSqUiBqrxFNcvNCZk
1705,1sgL_n80dnDH1wffOURogywdwQkZo8aGT
1706,1seYToSMToh2yg7aWSg9l3z0Rd0cmS1ez
1707,1sWcPCSw7SHe4j-OUlkRMltWeGLTgvlsK
1708,1sWmqz11_52pWem4FwzqYmUmEd50o4JlH
1709,1spOtTRKGVJ6752PyYovasEudbDBGYwJQ
1710,1yFtsKlfbZmcpEjl66MiJFSVj36VTmaaY
1711,1yUg9nNnPSExWy4aEQV-ymGsJqlopeR37
1712,1yW2rBnii2nRZiY44fZOfuF45BCarzFGf
1713,1ypmSQetcwuDlp5efTdlshmc_eyEk20F1
1714,1uTgqi8BHbanJoz95LOU25Zixp7rXYXZn
1715,1uk6GGlfLGm67-Gbor8783Je8e5RVKu2g
1716,1ud7KP36ZfZg4SEjiBFuvbo1tm6RjRhyl
1717,1uT5Yfqyrl8weBHhZ2UYe5Tee0tMx296G
1718,1fqczGnMWUUfD4_S6i5sh1RZJs2zMvqqj
1719,1pqO8W32BeYiUj3YggkNs7dZOp6av3ITt
1720,1pwzFJscSMgYAvd5l2GtAFECF1oNLSGHe
1721,1ps3Xgk977buZnYbNjWVyKBiEq5lW_BFd
1722,1pm92K1nSFjNssxEb8JhQd-SlI78b1XA2
1723,1poEPTsYC-sFSfo707boQqz4HonX2wXyy
1724,1q8RAzTE-OidBXJZfd0bbf3LFsjqcZvdu
1725,1xbRVUQbU2xKH3G1JwroJiNPXm082ELnt
1726,1yhoy5vX2PU3I8_g8OIEgNywsJJrXjx3p
1727,1jbCRion013Wkd96yO1fWd_QA1yrQqogF
1728,1je6bAl5u0Ufh5BFN9mgiTrujbcIxmFnc
1729,1pAp_zb9QYp1tumQtzdBsvO1ntIk3Kjox
1730,1qAnK1c5is7AsLI3c_Cuwri1EzXX9qz9M
1731,1qJvkyLYKgMxCfzor8u5w-cqiGE_fLfsr
1732,1tzaEYLGFfF8bTsZh6QLB3L8wCev0Tb4i
1733,1uEqZ7V44_K-HX1k6D6Gk3Mmruwb66bIs
1734,1uDbPizdk633wyljwk1vHiIwxl4JKNGG1
1735,1u8h_wNK1J2-Dd8axac0o-vdozfhMRGip
1736,1u8Yhp4RW6whVj0-Ut-NB02Vx-da4trr0
1737,1u8GK-X2KXjQTd6WeK8ou65xcXgNAfrKJ
1738,1uroWKkEH4biWmBPzUItb1-vcgC5QYXXN
1739,1sq0pyfPM-HFF4R0dbFsOITgguZo03cIy
1740,1kcyWj4HpAlfLQuDSim0PuAdBf1YhzKCu
1741,1khkG3d2pZhWZtV2TX0qSwY_Ut5AqzCi3
1742,1kfQtRBUQX_7-5ZRz5XGJF5OXjKPvN2fS
1743,1kgLZKot4kRHpFMVtsXkNK1bz_wlcCzJ9
1744,1mxl3Ch5E3A_-3u_RrX9ZChpMPjKDqci-
1745,1mp6mFZkkoGSeTeCVPeZ8pFUQVfNGhO4m
1746,1myagWdy3nb9BaOoyAA-z7AeQ7Ex8IRb2
1747,1mtmgeIrc4VS0hdk7z72wFIDB_-uiULFo
1748,1n4IDuIbzrxo_03yudUZPSC9Cuikb215M
1749,1jpd3iM9YT-B7ZTBOHUE8OrXQeboVTBeg
1750,1jho-mBt7bOLk8Mx1xcrMpqhBGi0qT8ia
1751,1jfbo00aG6szkYFRvaqzpHdb2-HHsvc7Y
1752,1jqeTKK5x53GvOJAbACEOCZG4VP280NXo
1753,1tNis-WecALdz7HTINh5qio4n1V_4xnfA
1754,1thf5oXyjwQjqIrUWz3vZZQAkI6nvOUa_
1755,1vtoc2agHKMvZ0qVQzX_-rwdfC4NivFmd
1756,1vxk1xttv09Hqj-H62BAE2F3IkW1auxDm
1757,1w0etohYtcCim7g3wGHxSlIH9cqzHF7Kf
1758,1lgQRRx-6Z_S2MXMBSAF2aj_XHwZdbbj3
1759,1rIAPa9OIEKVlqFznIcW4vrCwm0OIG1Uw
1760,1s7Gn6rZyWOxQ3WTdCaX7b8TwuUZbd-cA
1761,1o4AvJkg8u2PUfKW0CPMM8dPv5zhpZDBi
1762,1uyB57Iitgk4N1DMQYScC2NeCGCRHwdUa
1763,1v6_L7mlnz1M60h_eAKZ1CmmnFoPfDGPS
1764,1vjz_9pvGye2Li4siylcEx-sWTl5O3UNY
1765,1vHruZQO4y2OTLUUSzYLdhpjbyu96GQSI
1766,1vW1itHYeXY2swDVkQ8r6fpaU4i7e-pLZ
1767,1vLc1NIOaLUib5xXE77KQ_jVrzxKf1c3z
1768,1vKT0A1lR3Yny1Uw4d_kKn10aAOanDzbY
1769,1is_mdWluixu6zabifeBxJeXJS2HgFfaW
1770,1ix015nHeiUJjh9qlLG36Qlplbb8-Q-SC
1771,1itAsrv1FWMA7Ydvjz2kADWlLm8ndYiTM
1772,1ijDhnmfZAUA_rNuah3eAUh7FeyU_-uwx
1773,1j0k5hup5qaXS4Ix_H7H3MakZ3OZv9Kmr
1774,1j1X9BIcggIiM0tfk7hSIu3Ts2yPlmYvY
1775,1n4iu-SgVYl4wKiIKP2O4X4oImmDCsAYR
1776,1j1fZlQ4skFC5uwhfAq_mIo-VYSEJDpIo
1777,1jPaB7CLkWfZoBJTXKGpqiR2Zg3DAWwzW
1778,1m6z19YAeBoEImZxHB7YFBJLhhW_oUSZZ
1779,1m-iAFrhyTnUHhZgPQdRnFyxXxWQSkuNw
1780,1mbKRTmxm6B4olg3qTO91_Tqtgq7RJqmT
1781,1mJiqr_tcfX0ELBPun62wBrl44M9C2HhY
1782,1mLkRTbouHiRj3fhOOT3DXPH1V5qsnhb-
1783,1mRpIxVKfGbLuHM8txLt2oyAGircJgSds
1784,1lw6R2aUyo62aOrQ00hTlqb1GzAznzf97
1785,1hWohSUSN4niI4zpLLLJda43q2Q5lhuA_
1786,1hWGmB8ocvoigzqCTeFzkl9IF3WTcYP1D
1787,1k29wmeo3zA_ySTG2Hycw1_UYXq2Lskbq
1788,1k3fjVQNmcg3yztaKZ40li3kekYCb7Hh5
1789,1k4YXv7EKg6XLcgOpFXnrml1t963yBMoC
1790,1k35u0R3T4L0A_BH-OvWDAEmBaVyiiwQv
1791,1o742_3bQKYJP4Y1QnaWoGcvSq2kcnjRc
1792,1oYtrUc8VlkBTXXsJbTDqUvH0Yszn2qFK
1793,1oDrCOaOCzvmrp1WX33jwExJioHQ3T3q_
1794,1ogqd-rA6JCRxqX0UJ98Kbz4Gslrj0iNJ
1795,1oNqlL3EjyOW2LpLLBp7qE-RjXyD826Y_
1796,1oJ39sFuOd2bGAcAYIZtSPzVE-_ZW8Cme
1797,1of11b6y27pAEYmF8E_KQR4cMhU0ZdkZS
1798,1s7Nq3FB-dXIchfXD6MflZQhvH6mwjiyR
1799,1sJ3rzv7M32l5JkWaC34_sjFE3RwEuIci
1800,1sO7ToNJsKZL_OSOZyuqd7GNqljmwaTP1
1801,1sVLSACrsv3iETf1OTGUGpvgSpJBnTc_f
1802,1sJ0I4MZpSxFUqv6kDW5P4aq1JsfuVUof
1803,1sO0QfQ4GjoPSpBLB9-K8vRlrb3lJrOij
1804,1sQsHzbA8RGuAaL7P4lNn_p1sgkBUd0v_
1805,1rNS9cSqufKHXIgNHEhS-awphYrDRilQv
1806,1rhQSGkbpM4G7ODmqgS-eFqisgBK83QX-
1807,1r_QKhk1LKlcb7SSqWAaR5e_FzutmCB3C
1808,1rROCtJ0UoYQLKOO2m6RN7u_bd4nnvoKV
1809,1rSUtiTa_wtv9Lit0w1-zxYJYerBT90Gi
1810,1rjFuNoADJ1m6H5aXFOT_xFktNsSbE8VF
1811,1riVo6S8ToA1VFRqKWDN8T6m_nssunxiO
1812,1uHMGScubGgf_Dcu7sNRtu6njlevxekSh
1813,1uPNoFpv2jhHeURdk4-pLRySlO-6ycZ8F
1814,1huqLg2NtuklfdE6LnsbEt-gzL_1tCckJ
1815,1hZ8R04kxQ-0mhN4E7ngN3WtdPQnPaEIV
1816,1hcvzvNYK8j96-C2Jph-OM4VooPqv6J9x
1817,1huWOEr6mnxZ-Ykv0P6GXi3of8nBftgqc
1918,1AyWpYF1LFW4xeKmPgmOi1BSM5Nu0iNMc
1919,1B0KPv2x2iy0gUIofeZf0CDjcnAFCWuyb
1920,1AwHVMjch1_KwN6rXhXyIVP-vn7X04kDI
1921,1AfGpHgT_qOHj40uh_oh5cQNHGt1uVeWY
1922,1AYd5vb_kSX0bGcdW5u4Wwvjj_UYbyJTk
1923,1AoxNhQB5RRIV3dypwIy2NXQrWpJNCIti
1924,19k68YO1CdAM8CigRSjrw3CjNbhawRnHd
1925,1AZhZPcfqoMXarxj6sczQkJTzeLDzFtg4
1926,18cU1xoUO41Ubd4PYy2ZdoXP55LBee0p4
1927,18jDyIyLLEmj6A_DimOggUtd6cvW6Vx8c
1928,190iiIYZrjOTs8RPF-9035IpATC7yZyLH
1929,18z1uyYbwZXJ_D4H-YHCC3-1OVWTzsjdo
1930,18ksebX1nG8vyuWBPbkkIJhot9bt3PxFd
1931,18xQCSKYJibcu7_vSLO2kI80hQVFsWN73
1932,18ylwdWPy0bdTyGZd0-c7lPo4CkVqx6kd
1933,18ih9jQcqX_7UIuhl9AAJR7EcPkFuWFQm
1934,1q_K88giB81PG30Ykf-E_IctmgH_08Fe7
1935,19VE5ycJfT_7Ex8nGhqIYddmRxE-DZpJ-
1936,19IgYhuTDSZebzivx-sHDity5yjNjAmeF
1937,199vrK4NAE2vyhBxPF2GoKyv1t0Pn6-t8
1938,19ChT4ZZUwMvZjwZswkc6SnV6HYNWuEUK
1939,1qdzjGnv6kaoI5XCNciybdX577UuA5YRY
1940,19H1aHcd_2V2ZfY-GKU1Sm_JWmSXFkPll
1941,195tt53dhYjrDrP5lUNhoAb5jTy1LHxfP
1942,196KX0njc92ziHV_o9yie81jPLb4HiBbs
1943,18_p3BnKpKM_KBwAVNrGviqZJDPnLvaAq
1944,195tmG2xqVMKaN-zuKTTjr-g8j72PgeSr
1945,18TlvlNXZc56eFxbjuiYOWgUP-u7SRDh-
1946,18iBbOQ7ee2-QZO8ScSDSQI_Thm_9zmzH
1947,192ExaDdFWWID9Mh79LeEfIyZbR7KzzX7
1948,18M2LPRBFYEuLtc7b_pXMLhhnlxmrhlxi
1949,18R-HLMwNsng3T-3XUGBfSZW7jCwYgMFX
1950,14orU8ZAPqIJeyscgkd5U3FPKgDeRQUOA
1951,14WqO0Vk_pHyYs5k_zMbK-s8YQFNcwAsj
1952,14er2RDYYvXRSdGYHbWqPS-u331HGCqc6
1953,14ik9Z76j_zw6mFVwgG286TC4_sM8BSZv
1954,14XnaE8IORvIK90Z_zbX7oLDLpAASdGkH
1955,14vYejPMWQd31iKYGhn_ldZEByL069OLW
1956,16Ub08qJSaFt3GvTEzzwzWcB1F5EJz5RM
1957,16WkHufReeCpRA9VG8UKgMoihcEUnthrr
1958,16etUhoAmpEkw2CtFwnuL9tKYawJMHCar
1959,16k39zj4H7D4Asg2pxqo-CyVPfucha0nw
1960,16YASbKLYNQWn_K3Tkg9k_Za7RXc6Wjok
1961,16o5VCHFpyeK8F67FTyJ1_xsH_1ZvEc7n
1962,11jPA8xdvVp9aR2UoLdb5JScha8qg4jEg
1963,11jGgtb7N-Yf83ZYwCaFtCcefDL5W--d9
1964,11sO5WEx2oCeEsTe2Fa8QqFHZpP_1n7uo
1965,12bvGsnjH15j0QeWfnlsnW1BhzY14_Ywc
1966,12XYblLLhgSPGGM1qvSlNXVKyVivsAc1l
1967,12e-DJ6wdUsiLTEA6QNMt60xp_llcl2_u
1968,12bk_6mlyfCcMpBVgi0PAQDiiKXvFtfVi
1969,12cA3k_LJpZB_Y-Ne2i6etdTMw11vkvK7
1970,12iQ7ilbA5YyNPyMpNzJuFBpQ8eE7p9RD
1971,18anlbDBq7KKooGcvjoB2QTgcOJZhHtzm
1972,17oNkRDBngeJXYMQ5womrj6UvU1i_WScP
1973,18-3bbUkhDX9jmGmG9TVdRyKGMEYGvTII
1974,18SRIpFG5cpDindvVCVCtb0uYa2buHbZo
1975,183h8Kn-6EOcRZLrRyfd87pj8hP4qNUht
1976,18CMOCw_dE2Ba7jvXE5zbk3KpTMdgw2Vo
1977,13_LYLcp8hax6ugEiitA3HARao14UJzk_
1978,13hoFu2w9zWtSeuC6m1GaSTrH9jbJXeGZ
1979,13gUBiU-p5NxJXImkF5ijsb57Q05tjmSx
1980,13mZy50biaPas9iyBOwHdPI4GmbRRc3Qs
1981,13onb-_8szcEqXPYelwjnHXjC_olUQp7t
1982,1gHLe7ZItsffmdTJ2MskfMlbzV1YQ1k-6
1983,1gJ8Mzw75hImzIAvCUyHHo0zn9MOoEdyU
1984,1gFAo0deKoqBWjxamS8DyIDA1tj_b_Eh_
1985,1gKliYjasbpM4ha6Gfdlwe7b_amuaGW36
1986,1gVqb2q-10tebqTuLCNF74PTaxFtjOjZX
1987,17hRQguVMQdn5aS1YD4kg2g3zhGnL-qQq
1988,15OwAOz-pH1EG-H6x8bncjL93fKrGG9pf
1989,15Sy83WJu-O-lIjqhm7BfpSL3YF-lyWL4
1990,15eFn-nC8nyihAB75NViq334BrQExmAZ-
1991,15PCQL1bEPBNc4RLF_11tVrcmB5uUYOq7
1992,15L36D-MJSFi5CI92cUeBdcBeKGXOJDHS
1993,15f3NZ7sbf6oC4aPWCib2TD8zFTxDZLeF
1994,17nKg9RVhig1VEpIbQUq7HPZroKyYWw4t
1995,18-7s33-ifF_Dd19-0NHrwEgE__JO5fF_
1996,12tpnZ3-G_pzKDP7OZHvX4mcDAtM_Ediz
1997,122JTGOvbb__85lLz8x3GhnjhLmZGQ-4_
1998,11xbe5seBtUJkuwuXGeZ9_X3bYqenQNHt
1999,121TWTmg7zJzi0zrhgbM1iKnZX6shodSt
2000,17dDeEKgxlyoFFPQjesfCDsW0swBUqUUE
2001,15-uZs9jig18_W7s8dosjLaQWiCVp0tnT
2002,17fE5gMmDm5HWMTFIx2Yo-i76dEA7-nH_
2003,16q5iXVJicXBw_y96PzbxiD-2d6r4OlpB
2004,15G6p8y6yBaKTFgFLI1RnkQLKU5ymXpir
2005,155JexzqaiTt78fxPzuywe0DT7RITmRMe
2006,155hTM0p6r_XxIvSvnBNQ09LIQhg3ZmHe
2007,153_nTRqETTc-RveqJyqkdnZDslxDXMdx
2008,15Dz5TgiaHiLerhQSsDTqC9u2NsaTJDhG
2009,15G9S_YD5Xw4xWOqistI-ypI3HgOb55Ek
2010,15GYBHkPd019jkjKBJotjVU1sV0n85B77
2011,17FLRJnAivzxvPk78zi3z-3aHqHrTjLZ8
2012,17FAVuWcnt6D0E7S6iGwkMIxK5r2TNRU7
2013,17AJJqii02JXseWsbNNk5jpgXAmW-ObDU
2014,17LfshBp8aly0UG8ADj9bHvFJE8-wFIx4
2015,17LXmqWqvBtXSrwKPa3rFp_xpeiSazQV0
2016,17QjQNSDjaQ703z_pR5a29KEFnedMuejX
2017,175oj9-mgm-gY8Ci-8AsqyOBTMuZ21T3s
2018,15g4Z0vimT-bQCQlmULWyksCBxDso-cnj
2019,17UvqxKmN7vc3gT09fjBiUnGzH8nPv2T-
2020,10GAuCXaA41zemSiBsxJFPEGw0R6GrL6N
2021,10FLywq6Nt70UQwbeF5RfN00Bdhp9Z1hV
2022,10S_5uX-tStPhCiX3EktAo9vafQLjNG0M
2023,10W9RnhPEpaV2BbbRNhH5rbgRfQNPXi5s
2024,13xu6ng3wKqvWYSPNJZFiq3TJojm_WbN7
2025,14MthVM7Zc-bC0eTwxCmj0W4tYl89jy8w
2026,147rEbRHNIY2gB95ND8OsHJuNZXoCfK2k
2027,14309cMc09fx4I2EhUcGbebJao8_bVWZg
2028,141QmmDOVPml6pLvbvkPEfIiwAoLFwlTW
2029,14EMsM9U0le70JHrqBSNXT41DS3KHJpRK
2030,147TnP9j6Asupt4Br-kBpf3CbjgAY9EFk
2031,13GpsiI3OLcq7i9EN3Cmafo2JvvoGO47Q
2032,13RKeRmWKi4naJyCvyRDISE8jXpmEaYIf
2033,13WvyEhE6q3jVSIcMAwLltZ7ZosDKpx2v
2034,13DX4yWe_yyZocUzhZYljwsUNt323vod_
2035,13CNofB4s-PPbU0BYBN8giYZhpDCd9WOV
2036,136Aqtuci2R78LOZNhhEQEYuNiP5ZKpmR
2037,13WbJTlvoNCGxD0DadoZqIaz-brROrIt3
2038,10hnR4oSynoxhSK0ZwKcVPL9qzNiOIxNh
2039,10hyU5ypj9T_tqigGoK7hsu-cWnQyhtj1
2040,123ZKJ_NE07sQ7GZzkKQqwgwpyyZKsSkP
2041,12R1iczVhZ9xkJH2s8tsNj7CPA-_mCz9a
2042,12NSlw7tuB-CyxZE6qU0gjfATKUaSXHhG
2043,12X3lolZJYSF3wn5ouncUABX1qQ7SePHi
2044,12XC8TF1tu-5AeRg671gtzvwiXwcyeekY
2045,1-GR95_18IyhnjloVhBkB2rMY54zsQUoG
2046,1-Iy9hm-9xPvWxP4fXE9mxPLZ-Z5Im6uV
2047,1-AtLUC_wr6H9MGU-B8QRSh5H_seusGuE
2048,1-EUUPdt3XktR88XD_4jZXCqroy6fD1pY
2049,1-CwWEKkyYuOpALx8wVsJ9AV85yGAKNzw
2050,17SlXWcOuY0tMlYT3dcBcMD4U5t5xZlxL
2051,16Hw502MmDPVzg_8mb6rjUAymJxxIccdp
2052,15qbkZw00w5YXd6U_6vClRQQXrA8XZCMh
2053,161TDBaxUzIfCmha-JSYrTkzKMg2wZ9nB
2054,16AGfpF7unfNrzpHXn0NIYx7BlExdhVMd
2055,169Um_U-AHgH0I0ewUj21PpC6vGeaFm3j
2056,16TkfiYmEYe7Czsu3S7vcJa5YgrtoztND
2057,15u357WDJ2Wq_-geIzpc8kJsny6kcs40z
2058,10idH97xgnWkKqzJQQDlGK10ehWe5WMUv
2059,11Mzjowds1ySLMib9JqpO4cYyc105dj00
2060,11bHemB-gVqCY0X6BPkrOK4n8vK-UmaWs
2061,10xWenDYoXcVTTsC0RTPuFMoKyI8kV5js
2062,11U3R8onJAIuima9XqKPLC1n0Nx72eBcb
2063,10vY-V7MggtqLDqBcIyS1uciEmornz7Rz
2064,17UtQwt6mqW1JJH1ltoY_pkavqVSn73rE
2065,1FU8BShjj3nlpGEiS6utntY2Whu8sxE2x
2066,1FUQsRzSNkTAnpHEbmnosg8dEHYpwMYk9
2067,153-WSmgmkrnd9lfzYz__IzMp9g6ot4fR
2068,1FfgqxM1U8aL75Y_e9kf_6wDvCMDyP9NC
2069,1FklfYc4nnThhoJVFFt9Foudafot0ewxP
2070,1FvRwlQg_fswQZjqEUpDL5XUFKn4w24S0
2071,1FnoEw96Ntc1QXpzBvzs_0cojZWqJ-0iD
2072,1Fz8NpMAmTdosNb-WhtFT_SBVsEHcP8YQ
2073,1G-FLi-xFZoRjURvAiTs9Jyf92GX4PgA8
2074,1FqFvFDP6PxB1W1J2jRB2A1IetSmW0Dlf
2075,1FtlWW-nNRC2fwbPovYgUQr1bwsI5qd-q
2076,1ESaNbQV3PZrBll3U1UJ8elPKgc5j-7VT
2077,1ETLpOuuAnZjHi6UVoh9LbQfW6o3IcmSW
2078,1EOX1PHRJzxceClrS_k-D0sIEUs5_y16x
2079,1EONb-kO7gb64v_Gn44CSdd5XYDF0lzo1
2080,1EZJcQ7JvxvgF5RyFzbWp2vVFZKifBxbY
2081,1ETCtHeKJ-9n7JaOQ8fmlfL9Wr4SPtd3s
2082,1EKlpg7KQWezyFpJDVQpiVq8iSVTEK7AZ
2083,1E5-0QU4uf_EPlIYUSpOxE6x4csBt8pVm
2084,1DmX4aEq5yC4c4tLJEW5SoM6RjAlPoOSo
2085,1DnNCUfYmduJgnna83lcfG-8HHt7YUmPS
2086,1E-UPNamgccWpT0fJocBtBROygR6AL0aH
2087,1FFzAXMnnju2-zfxzyA3AWh_IGOJ6w4OR
2088,1F60KUo2RuRGAj2nUVHPk9znvVFCb9dwd
2089,1Fj-P7TMD_KxXR5ZtOXSTQHrvFjPn247R
2090,1FSEOB4LENUznO40gOIB3Ai-xkcZfgqSH
2091,1FSykHz2nTxJjip0Plv1SaIrvdCKPVrHz
2092,1DFHOv5_3lXJNzQ1DglR26QTg4sFoBbQb
2093,1EwF2f3jvzVDeCMkcUuvLHi057tbF6qvj
2094,1E3wagDNOGXxJAy1ZHgBfwIfL8HuaGuMl
2095,1DInatGnB5XVQ4l9y8_UCIzEbakdSjXib
2096,1EqRu6IRcqIemumpdodr6XRfskQJhV0qJ
2097,1ElMvhgdtOflwKLXg3wosXZXi6D21Ji6s
2098,1ErOiL_UfecKhioDV8dZPp44BJisCK-1K
2099,1EsrktVTGjsWNdB4NBe807vy_T-Nc6yKL
2100,1BiEZ7umguEQwbOtHgXOKmKWbY4W_Iil4
2101,1BhIQMAMW2pgoK9IBLq3UnA4v26x5gFoP
2102,1BgZ4y9BinO23P92JsgZ1dsb9fMK6njU7
2103,1BtfQLWj-pqRI13RdOFFrk1UGw1dRGZ1A
2104,1BpTDHaevir5TC13ij819bYeV-m3SzXGS
2105,1DjJD77QzVLePDzL8eNKkl-I62Jm6hMlL
2106,1DiNQiqwmyhReB12Zh2P3YeDnJFKRM5FD
2107,1FFcs0xKolvcRgtZh0WcfiAu65vxDu_WP
2108,1DUSUB4cvdpIaHAULXwrJYOflmhVzut-D
2109,1DlOTiG51hJXFNcNgUDdlYyrdkxO6Z_g0
2110,1ELR0I2okhnSbgom32NM-Ye3wapTXM0Zp
2111,1DK7wxHSaGvcGYQBpm7u6o3nE1yaUeytK
2112,1DkAhUc64EkW6Q6bU2qeK8ardjJZHd1a4
2113,1BzIYKEunP9GQy75nYXw2OGjSTuhyF7wg
2114,1DGvvkgb0sP_reEgTP2LmIbH2xqbqsw2m
2115,1D9oc7S5SlXwyoZPuGmQMQh_M5o9QFBMG
2116,1Ekjk3SnpwI54e9Yn5AJOQCiHWyLcqndn
2117,1DKim-opU1kCIV6L_Vko18H3xoV3aLeYv
2118,1BzjVNB_u9A87kU_t3mRwOxr01fZiesiI
2119,1CQ74Sa5ZIglVLKH5GIy2wtzzoq7lE2Su
2120,1C5S7sIWVcV2kXA59kKC-j4z21b7ICgu4
2121,1C04ejDGlbE0MyqUENi2XZarNGqlpi60-
2122,1C8IhB8xZ81WhE3YzlD_L2zSwHRrba9kr
2123,1CCP3LYpoQxJjyZJzAocfzvH-HwJsmej4
2124,1CLRkV9mIjnHn_R0KQ47XcdFx1ygj4j0b
2125,1DfDJZzAX5ewhjIcf0Rg3WjbLhEy1Runp
2126,1DPOZKRJO94wHQ6CLXgaVo8SVdmIAD1u-
2127,1DYmEacC489UoBy8i7TQUBJIzy08mlc2P
2128,1D74PQ3IpLwaZ-t3jfbBVWg5LK-2jG3wR
2129,1DUprvvotXj6QPgprq2yaXfttfPlv6xda
2130,1CEJ1PUiO0UD3KUfDS6T_gn8TuOMfUEeG
2131,1C5kynvgFKrd9_9oHdFDbJbTeC67IFiit
2132,1CsBKZjDuSfR6_jeaLAwDJfhENwHQItwJ
2133,1CkC_Y0WHkpjJ26TNSzenwovMAt82tnup
2134,1D6-bcKxOl9PE0yCs9Gsoguz1zSj2UcbT
2135,1D93BUlKf3v6ocBNJEZ6bJAYRTasfkBP8
2136,1Co1a_Tly0HQ64mw-ZLaqhN2u8Tf6-NCq
2137,1CWma7DvnS2eGNLt1XZmbg2nYKh8EApLH
2138,1CZHoCWCcn19-yox3LDm9jaWDWUyEzJeE
2139,1CjXrtDGX30ZH7fmBT7oTWVNK71rcS71V
2140,1D3gJabcDtQk4XNfhb9KvbcoG1zLreNJX
2141,19eGIMLXD4308WbhOfePJ88q1JlxakaMM
2142,1D5si15lb2u11uI3GnUfvHDdwMJCu4_Hc
2143,1CQTXRHiAmg04IGkgaRDJv3BGrjjIROnU
2144,19Z844VO7GMwYEz7mQ1Eofg4uxCxNGStG
2145,19hdNgpNV9vdqwg5Sjo0FWq0ro3F8Tjj1
2146,1BKbZw00fq9XDxsobYwSE70XBzF6UrWqd
2147,1BAB8cP8Q1tHWBqcGHs7ziK9CJJKEaZ9E
2148,19jL-DYWeC9ST8VtWmuJXuaxmxI1BRN5u
2149,1BDknuJvR1LR5PIO3M4omrJv8V-7IMtsX
2150,1BR0uIBHFjSF3ON8tkSDqclLtO64QN_7e
2151,1BX65twnK21SDqqmIBXuqQcni9x9MtJaG
2152,1BbuHNwunRoKnlkwDv45MPNlsevO157N4
2153,1BWFp8vmVI-OhqAErmgI6YDfD8VFxBxln
2154,1B68FDzwqttJgaWqEoGTD68TdgUnSnMiw
2155,1AWzGdidDSFayWk70IEft8ee3Pe_KlLVU
2156,1AV7LTGRgcuGNrd2ZEr7otl2-Mcmi-ij8
2157,19yYN8-uhxIJyDf1bKUpBQfq-58Pm4fM_
2158,19vE-jXh6f42icQ06t_ofLw0uBVnqldKk
2159,1AWNIXyWGZCVeKamM_B2ct-WCsohFJtTg
2160,1A0CpLT8JRRmi8nACCmMmLbdSOiXgu8GL
2161,19qLMRoQmcriYSSbP31JZIP6ikm8fPX0M
2265,1EtACU2hvMqtH1iYzByFgkTq7nXw8Rkx7
2266,1EuDInaDMFhUKoP2LdwdqKX7K6RE4kVXk
2267,1Ez0XEXR_bJYF1jvWiOHyssAbPk8t14Cz
2268,1F1ORN9FKovueqTJ37HP7g0aigQI0rDqo
2269,1F7itrjpIzWJfuF2zkadRsZ256ZapEjaU
2270,1FBBfOHqDTkoQcMgqnfKiGh_mNGxhoUNh
2271,1GXFKsFAIPk6Gpaqyv9czwje_NxyxBCe1
2272,13ypPnwfviYDk4SvEeudSWfctZJ01qTGT
2273,17zhGg9kmEOu19dtz8nnbUyK-mg2nktUX
2274,13-c-EkS7ErHkq3gVaaoazlHwb8Qp-ygQ
2275,17tUreMdFw1mlfau1Yve4-BMbqDpH4W9W
2276,12MO8VxA-BrcmchWx3ume4PFJUyuippr1
2277,12PfF0Pw7agyKfXGAYygHWxt85yV_2yMA
2278,12Ks9QwxgW3-XkMnajPOFr3ocsyeJCaqE
2279,1GORjtkMh3k6LVhBhDr5Ylj-qH35eJyCo
2280,1GD3uq4EW_-sZ2RTz-4Desbl1-OKdgcxm
2281,1GIKncbr5rAhmVv9KAKabjz4ZZWoJsOAh
2282,1G9dmjiZ1cTqAAaz_uKDrM2V_4Ce6_wkU
2283,1GFjamvhMbyxBIzl_P8z-qZjqir1bGId8
2284,13vwpmAgSBLcGVqkiM52t2VzGTgN3Qlgq
2285,1G-syHH1SybagLH9UppBXKpurAlRkyLnu
2286,15g5wJvpij446dOwvfKMQ5ayvQeosrDt3
2387,1G_srBvDdPPlYD-Koand99rJXuYW2xBso
2488,1GfDdHWQbmzhZzN3JSrqp3gr-2eDsnivk
